method,true_value,n_valid,mean,bias,variance,rmse,median,q25,q75
Naive,10.0,12500,9.549443333016654,-0.4505566669833456,30.927060046913425,5.579431992333679,8.690886708361527,5.567121777305694,12.52222701034628
POD-weighted,10.0,12500,10.072673912430439,0.07267391243043875,31.98569163419873,5.65605632324738,9.241055182669246,5.988715148470915,13.13361142352597
MLE-ungrouped,10.0,12500,9.898300313377876,-0.10169968662212447,28.896999767838263,5.3765549001286415,9.080855235630407,6.0865602776633345,12.886890994377508
MLE,10.0,12500,10.043601143106246,0.04360114310624574,27.04678963485119,5.200835576571457,9.419327567056689,6.265400200444255,13.03297999643699
MLE_p_on,0.012500000000000002,12484,0.01321955815574868,0.0007195581557486782,3.765667034923007e-05,0.006178546292513677,0.01247839837949263,0.008828879944025193,0.0166722004105683
MLE_p_off,0.05,12484,0.06134210225360765,0.011342102253607649,0.0027355112221231796,0.05351779615842259,0.05237246705238702,0.038337382689937506,0.0710736553173025
MLE_mu_emit,50.0,12484,49.971165768305546,-0.02883423169445365,177.59229679897072,13.326407175675225,48.41601588310663,41.04169429461115,57.12264471212295
MLEsimple_p_on,0.012500000000000002,12484,0.01321750893740639,0.0007175089374063873,3.774353337662078e-05,0.006185333657279841,0.012472369259808623,0.008834125959775776,0.016666441793697386
MLEsimple_p_off,0.05,12484,0.06096842370346632,0.010968423703466318,0.002714017682220312,0.05323836962904738,0.052049458125605144,0.03818514655940948,0.07061004682951089
MLEsimple_mu_emit,50.0,12484,49.12557420232112,-0.8744257976788816,234.08075713233254,15.324665660561045,47.094131936537664,38.8030005757964,56.79561581256755
