emission_size_kgh,pod_snapshots,pod_continuous
0.1,3.999984000064003e-06,7.19948163732211e-05
0.10186289902446875,4.150402853152311e-06,7.609349719522814e-05
0.10376050197669118,4.3064781623479446e-06,8.04254980553549e-05
0.10569345535579884,4.468422635129231e-06,8.500409864891238e-05
0.10766241770454933,4.636456977562569e-06,8.984333424396143e-05
0.10966805983368685,4.810810195067974e-06,9.495803864088099e-05
0.11171106505048242,4.991719904493259e-06,0.00010036388957095775
0.11379212939153148,5.179432657922013e-06,0.00010607745667205844
0.11591196185988854,5.374204278656455e-06,0.00011211625218721165
0.118071284666619,5.576300209832885e-06,0.00011849878454012543
0.12027083347685116,5.785995876144603e-06,0.00012524461495031958
0.12251135766041187,6.003577059165048e-06,0.00013237441725968017
0.12479362054713111,6.229340286782398e-06,0.0001399100411518813
0.12711839968690286,6.463593237276106e-06,0.0001478745789562837
0.12948648711459046,6.706655158585717e-06,0.00015629243623865486
0.13189868961986703,6.958857303343255e-06,0.00016518940639235794
0.1343558290220826,7.220543380261269e-06,0.0001745927494556076
0.13685874245025187,7.492070022491992e-06,0.00018453127539297065
0.1394082826282578,7.773807273594758e-06,0.00019503543209257142
0.14200531816536824,8.066139091774338e-06,0.00020613739834446249
0.14465073385216465,8.369463873076123e-06,0.0002178711820803777
0.14734543096198352,8.684194994251442e-06,0.00023027272417064455
0.15009032755797358,9.010761376031727e-06,0.0002433800080904321
0.15288635880587303,9.349608067578941e-06,0.00025723317578479465
0.15573447729261344,9.701196852908017e-06,0.00027187465008017347
0.15863565335085905,1.0066006880107115e-05,0.0002873492640091994
0.16159087538959183,1.044453531421252e-05,0.0003037043974358413
0.16460115023085506,1.0837298014627126e-05,0.0003209901213892184
0.16766750345277,1.1244830238004891e-05,0.00033925935053677686
0.17079097973894278,1.1667687367558275e-05,0.00035856800425111083
0.17397264323438016,1.2106445669781592e-05,0.0003789751767494879
0.17721357790803594,1.2561703079620525e-05,0.0004005433168112526
0.1805148879221109,1.3034080015156726e-05,0.00042333841760567394
0.18387769800823278,1.3524220222916417e-05,0.000447430217191689
0.18730315385064375,1.4032791654954184e-05,0.0004728924102812566
0.1907924224765266,1.4560487378904883e-05,0.0004998028718899119
0.19434669265360208,1.510802652224359e-05,0.0005282438935315334
0.1979671752951333,1.567615525203777e-05,0.0005583024326494445
0.2016551038724747,1.6265647791525866e-05,0.0005900703760128038
0.20541173483530648,1.6877307474905042e-05,0.0006236448178458734
0.20923834803969774,1.751196784176452e-05,0.0006591283534982538
0.2131362471841438,1.8170493772652842e-05,0.0006966293895066097
0.2171067602537265,1.885378266732479e-05,0.0007362624709428464
0.22115123997254887,1.956276566727097e-05,0.0007781486269902013
0.22527106426459803,2.029840892419339e-05,0.0008224157357373565
0.22946763672319362,2.1061714916152737e-05,0.0008691989092315042
0.2337423870891815,2.1853723813177762e-05,0.0009186408998843894
0.23809677173803584,2.2675514894194486e-05,0.0009708925293807489
0.2425322741760353,2.3528208017202353e-05,0.001026113141296315
0.24705040554568256,2.4412965144697018e-05,0.001084471078692718
0.25165270514053917,2.5330991926414202e-05,0.0011461441880191994
0.2563407409296515,2.6283539341546968e-05,0.0012113203507161281
0.26111611009174596,2.7271905402669393e-05,0.0012801980439828295
0.26598043955937584,2.8297436923683425e-05,0.0013529869322422307
0.27093538657320515,2.936153135419206e-05,0.001429908490907387
0.27598263924661803,3.0465638682793542e-05,0.0015111966641297575
0.2811239171408464,3.1611263411881614e-05,0.0015970985582864849
0.2863609718508116,3.2799966606638544e-05,0.001687875173043493
0.2916955876018796,3.4033368021002315e-05,0.0017838021719130239
0.2971295818577334,3.53131483034998e-05,0.0018851706943080974
0.30266480593956924,3.6641051285940654e-05,0.0019922882111821287
0.30830314565682765,3.8018886358082194e-05,0.0021054794264293566
0.31404652194967514,3.944853093149079e-05,0.002225087226310576
0.3198968915434537,4.0931932995945786e-05,0.0023514736792585897
0.32585624761532256,4.2471113771857895e-05,0.0024850210885084397
0.3319266204733189,4.406817046230326e-05,0.0026261331000883895
0.33811007824806844,4.572527910840961e-05,0.0027752358687983193
0.3444087275973823,4.744469755197029e-05,0.002932779284891956
0.35082471442397917,4.922876850930725e-05,0.003099238264267607
0.35736022460657874,5.1079922760554094e-05,0.0032751141050580074
0.36401748474461404,5.300068245868647e-05,0.003460935913592203
0.37079876291681707,5.499366456278805e-05,0.003657262102780834
0.37770636945393665,5.7061584400210686e-05,0.003864681966048412
0.38474265772585037,5.92072593624558e-05,0.004083817330001908
0.39191002494334043,6.143361273979154e-05,0.0043153242890817045
0.39921091297480515,6.374367769980082e-05,0.004559895025487746
0.4066478091781856,6.614060141525527e-05,0.004818259717707617
0.4142232472483896,6.862764934690382e-05,0.005091188540992971
0.42193980808050263,7.120820968698307e-05,0.005379493763133034
0.42980012064907963,7.388579796946324e-05,0.005684031938856104
0.4378068629038169,7.666406185327455e-05,0.006005706206149134
0.4459627626819093,7.954678608498843e-05,0.006345468687717797
0.45427059863740454,8.253789764767005e-05,0.006704323000711054
0.4627332011878691,8.564147110286863e-05,0.007083326877700829
0.47135345347869084,8.886173413297142e-05,0.0074835949017342
0.48013429236534516,9.220307329141582e-05,0.007906301358056858
0.4890787094139591,9.567003996853362e-05,0.008352683204836984
0.4981897519205161,9.926735658108913e-05,0.008824043164891751
0.5074705239490467,0.00010299992299387414,0.009321752940026415
0.51692418738916,0.00010687282318203191,0.00984725654913205
0.5265539630332757,0.00011089133214310533,0.010402073790642778
0.5363631316739241,0.00011506092306813769,0.01098780382931819
0.5463550352214878,0.00011938727478150105,0.011606128906581819
0.5565330778427647,0.00012387627945948553,0.012258818172800206
0.5669007271207436,0.00012853405063805348,0.012947731638919907
0.5774615152359821,0.00013336693152055234,0.013674824243776088
0.5882190401699956,0.00013838150359657148,0.014442150032136771
0.5991769669310619,0.0001435845955835519,0.015251866437133716
0.6103390288028622,0.00014898329270317473,0.016106238659142083
0.6217090286163827,0.00015458494630501531,0.01700764413139026
0.6332908400455115,0.0001603971838503913,0.01795857706059108
0.6450884089267692,0.00016642791926982608,0.01896165302867152
0.6571057546036271,0.00017268536370803448,0.02001961363922199
0.6693469712958661,0.00017917803667085407,0.021135331189569808
0.6818162294944479,0.0001859147775890744,0.022311813346390052
0.6945177773823696,0.0001929047578146669,0.02355220779948194
0.7074559422819878,0.0002001574930654884,0.024859806864744007
0.7206351321293052,0.00020768285633512013,0.026238052003464036
0.7340598369757212,0.00021549109128511605,0.02769053822078399
0.7477346305177587,0.0002235928261375672,0.029221018301598
0.761664171655289,0.00023199908808654358,0.030833406837183726
0.7758532060787834,0.0002407213182476545,0.032531783990551344
0.7903065678861346,0.0002497713871656706,0.0343203989428218
0.8050291812295979,0.0002591616109008792,0.036203672956923595
0.8200260619934129,0.0002689047677155968,0.038186201988542064
0.8353023195026776,0.0002790141153830406,0.0402727587675891
0.8508631582640579,0.00028950340914157954,0.042468294266520844
0.8667138797389231,0.00030038692031819294,0.04477793846466124
0.8828598841495148,0.0003116794556458715,0.04720700031035245
0.899306672318762,0.0003233963773005453,0.04976096677532587
0.9160598475443708,0.00033555362368408223,0.052445500888262477
0.9331251175078248,0.0003481677309808408,0.05526643862720739
0.9505082962189507,0.0003612558555162566,0.05822978454345531
0.9682153059967081,0.0003748357969469666,0.06134170598289244
0.9862521794868779,0.0003889260223130329,0.06460852576475631
1.004625061717341,0.00040354569098392367,0.06803671317257391
1.0233402121916417,0.0004187146805310425,0.07163287310789884
1.0424040070215563,0.00043445361356076617,0.07540373325467503
1.061822941099384,0.00045078388554316116,0.07935612910089933
1.08160363031071,0.0004677276936728006,0.08349698666508051
1.1017528137883867,0.00048530806679939414,0.08783330277814841
1.1222773562085078,0.0005035488964672749,0.09237212277734116
1.1431842501291498,0.0005224749691041754,0.0971205154775837
1.1644806183726861,0.0005421119994011307,0.10208554529838199
1.1861737164524786,0.0005624866649268357,0.1072742414407007
1.2082709350447765,0.0005836266420212843,0.11269356402906851
1.2307798025066652,0.000605560643015093,0.1183503671596443
1.2537079874409203,0.0006283184548225188,0.12425135882551112
1.277063301308644,0.0006519309789578597,0.13040305772632185
1.3008537010905712,0.0006764302730266224,0.13681174701079452
1.3250872919979533,0.0007018495937446367,0.1434834250475425
1.3497723302339417,0.0007282234415401022,0.15042375337227654
1.374917225806419,0.0007555876067954483,0.1576380020173554
1.4005305453932198,0.0007839792177878076,0.16513099249258786
1.4266210152607368,0.0008134367903889193,0.1729070387535569
1.4531975242368953,0.0008440002795873204,0.18096988656469437
1.4802691267395085,0.0008757111328977869,0.18932265173785914
1.507845045861051,0.0009086123457251812,0.1979677578019311
1.535934676510897,0.0009427485187520808,0.2069068737333558
1.5645475886160958,0.0009781659174218664,0.2161408524498256
1.5936935303817745,0.0010149125335913048,0.22566967083729583
1.6233824316122782,0.00105303814942909,0.2354923721420359
1.6536244070941806,0.0010925944036392803,0.24560701161196566
1.6844297600423153,0.0011336348600911466,0.2560106063126103
1.7158089856100047,0.0011762150789395266,0.266699090070073
1.747772774464681,0.0012203926903224908,0.2776672745040012
1.7803320164301137,0.0012662274707258595,0.28890881710533917
1.8134978041964953,0.0013137814221069167,0.30041619728470453
1.8472814370996342,0.0013631188538725375,0.31218070126594233
1.8816944249705556,0.0014143064678099075,0.3241924166247418
1.916748492056815,0.0014674134460709622,0.33644023717374827
1.952455581016861,0.0015225115423147828,0.3489118787737035
1.9888278569888098,0.001579675176115275,0.3615939065059482
2.025877711735017,0.001638981530744642,0.37447177347711735
2.0636177678638585,0.0017005106544463917,0.38752987134492556
2.1020608831301586,0.0017643455653149037,0.40075159245826425
2.1412201548157292,0.001830572359901913,0.41411940329987823
2.181108924191519,0.0018992803256736572,0.4276149287107464
2.2217407810628838,0.001970562057445834,0.4412190461675308
2.2631295683995285,0.0020445135779269827,0.4549119891839474
2.3052893870517073,0.002121234462504419,0.46867345871958005
2.3482346005542754,0.0022008279684103227,0.4824827413112283
2.3919798400202383,0.0022834011684091525,0.49631883249771164
2.4365400091254648,0.002369065089151086,0.5101605639937978
2.481930289186254,0.0024579348543397523,0.5239867329863896
2.5281661443314993,0.0025501298328660413,0.5377762318790673
2.5752633267712,0.0026457737920633595,0.5515081768011098
2.623237882163122,0.0027449950562431226,0.5651620332245679
2.672106155079434,0.0028479266706728248,0.578717737096884
2.7218847945751783,0.0029547065711623527,0.5921558099948178
2.7725907598604826,0.0030654777594276493,0.6054574669347633
2.8242413260784343,0.003180388484403973,0.6186047156306894
2.876854090190593,0.0032995924296842557,0.6315804461689136
2.9304469769721426,0.0034232489072610365,0.6443685102631516
2.985038245118731,0.00355152305775335,0.6569537894579323
3.040646493467067,0.0036845860573026636,0.6693222518575871
3.0972906673314085,0.0038226153313245057,0.6814609971658754
3.154990064958087,0.003965794775304689,0.6933582900225218
3.2137643441002774,0.004114314982831121,0.7050035818126821
3.273633528715246,0.004268373481053986,0.7163875212995551
3.3346180157863645,0.004428174973768453,0.7275019545856418
3.396738582272208,0.00459393159231523,0.738339915042125
3.460016392185109,0.004765863154494992,0.7488956039568477
3.5244730038015843,0.004944197431692908,0.7591643627386856
3.5901303770070685,0.005129170424409206,0.7691426375797322
3.6570108807774897,0.005321026646391147,0.7788279375173947
3.7251373008002098,0.0055200194175601056,0.7882187868574864
3.794532847236938,0.00572641116592569,0.7973146729185484
3.865221162631262,0.005940473738675824,0.8061159900390332
3.937226329963479,0.006162488722628352,0.8146239807550377
4.010572880855496,0.006392747774225209,0.8228406750095116
4.085285803928561,0.006631552959244819,0.8307688281968085
4.161390553316707,0.006879217102402084,0.838411858781607
4.238913057338778,0.007136064146997653,0.8457737861609591
4.317879727332022,0.00740242952476956,0.8528591693647153
4.398317466650224,0.007678660536090197,0.8596730471147724
4.48025367982949,0.00796511674064009,0.8662208796892461
4.5637162819247585,0.008262170358676952,0.8725084929651803
4.648733708020257,0.008570206683003722,0.8785420249440266
4.735334922917116,0.008889624501722829,0.8843278749987451
4.823549431001467,0.009220836531845454,0.8898726560207271
4.913407286296362,0.009564269863803945,0.8951831495892921
5.004939102700954,0.009920366416892947,0.9002662642365458
5.098176064420425,0.01028958340563923,0.9051289968360323
5.1931499365902125,0.010672393817072875,0.9097783971048421
5.289893076098151,0.011069286898841436,0.9142215351754993
5.388438442608224,0.011480768658075529,0.9184654721658193
5.4888196097896715,0.011907362370877366,0.9225172336516935
5.5910707767552905,0.01234960910226383,0.926383785929051
5.695226779712822,0.012808068236351904,0.9300720149367029
5.801323103833376,0.013283318016526758,0.9335887077009611
5.9093958953409675,0.01377595609528133,0.9369405361554461
6.019481973827271,0.014286600093360307,0.940134043184947
6.131618844795772,0.014815888167780735,0.9431756307401757
6.245844712439615,0.015364479588236502,0.9460715498704034
6.362198492657486,0.015933055321323247,0.9488278925229288
6.480719826311968,0.0165223186219445,0.9514505849617888
6.601449092734886,0.01713299563117829,0.9539453826627882
6.724427423484246,0.017765835979796016,0.9563178665475408
6.849696716357443,0.018421613396531495,0.9585734404255527
6.977299649665534,0.019101126320097722,0.9607173295202172
7.107279696773415,0.01980519851384178,0.9627545799617856
7.239681140910873,0.02053467968181369,0.9646900591377507
7.37454909025955,0.021290446084903162,0.96652845679852
7.511929493320965,0.022073401155568804,0.9682742868236494
7.6518691545708215,0.022884476109546126,0.9699318895611778
7.794415750404947,0.02372463055277529,0.971505434659672
7.93961784538228,0.0245948530816344,0.9729989243194034
8.087524908770453,0.025496161874401662,0.9744161968956107
8.238187331399605,0.026429605271696372,0.9757609307929963
8.391656442830158,0.027396262343468387,0.9770366485964709
8.54798452884041,0.02839724343991434,0.9782467213886591
8.707224849239918,0.02943369072349936,0.9793943732098387
8.869431656014708,0.030506778679053305,0.9804826856207631
9.034660211810525,0.03161771459869238,0.9815146023332676
9.20296680876041,0.03276773903808859,0.9824929338776467
9.374408787662992,0.033958126240373164,0.9834203622795608
9.549044557518078,0.03519018452371394,0.9842994457226742
9.72693361542617,0.036465256628353086,0.9851326231763742
9.908136566858666,0.03778472001862948,0.9859222189707808
10.092715146305707,0.039149987135240934,0.9866704473038508
10.280732238308648,0.04056250559272587,0.9873794166677137
10.472251898884343,0.04202375831686268,0.9880511341834969
10.66733937734857,0.04353526361639985,0.9886875098357748
10.866061138545968,0.04509857518323988,0.9892903605994716
11.06848488549412,0.04671528201491043,0.9898614144535536
11.274679582449462,0.04838700825286465,0.9904023142771747
11.48471547840289,0.05011541292986378,0.9909146216251321
11.69866413101307,0.051902189619409955,0.991399820380504
11.916598430985587,0.053749065979919367,0.991859320283281
12.138592626906277,0.05565780318605479,0.9922944603345657
12.36472235053715,0.05763019523938099,0.9927065120766225
12.595064642583576,0.05966806815026335,0.9930966827496441
12.829697978941475,0.0617732789827079,0.9934661183266015
13.068702297433463,0.06394771475364076,0.9938159064279901
13.312159025043076,0.06619329117795299,0.9941470791186234
13.560151105656333,0.06851195125049574,0.9944606155889447
13.812763028320095,0.0709056636561087,0.9947574447235596
14.07008085602685,0.07337642099870154,0.9950384475598961
14.33219225503574,0.07592623784039697,0.995304459640046
14.599186524739787,0.07855714854178421,0.9955562732589651
14.871154628089538,0.08127120489443285,0.9957946396122912
15.148189222583458,0.08407047353698481,0.9960202708470846
15.430384691835645,0.08695703314638564,0.996233842018844
15.717837177731628,0.08993297139613561,0.9964359929581389
16.010644613183178,0.09300038167385416,0.9966273300502012
16.308906755493325,0.09616135955095434,0.996808427930788
16.61272522034293,0.09941799899783162,0.9969798311015907
16.922203516410374,0.10277238833868657,0.9971420554684043
17.237447080636198,0.10622660594093493,0.9972955898052239
17.55856331414469,0.10978271563510979,0.9974408971473552
17.885661618834618,0.11344276186224672,0.9975784161165525
18.218853434651653,0.11720876454695756,0.9977085621811256
18.55825227755517,0.12108271369575542,0.9978317288538571
18.903973778192196,0.12506656372168898,0.9979482888305022
19.256135721291965,0.12916222749799222,0.9980585950715417
19.614858085794292,0.13337157014524018,0.9981629818297703
19.980263085725486,0.1376964025584413,0.9982617656262187
20.352475211835756,0.14213847468257584,0.9983552461768092
20.73162127401229,0.14669946854731494,0.9984437072720551
21.117830444482422,0.15138099107400757,0.9985274176120317
21.511234301821652,0.15618456667051278,0.9986066315987484
21.911966875781474,0.1611116296320526,0.9986815900879724
22.320164692952325,0.1661635163689677,0.9987525211024685
22.735966823277153,0.17134145748505028,0.9988196405085288
23.15951492743152,0.17664656973299198,0.9988831526576
23.590953305086337,0.1820798478763899,0.9989432509947229
24.03042894406967,0.18764215649068855,0.9990001186354304
24.478091570444402,0.19333422173835793,0.9990539289126765
24.93409369951878,0.19915662315649538,0.9991048458952922
25.39859068780724,0.20510978549785783,0.9991530248794024
25.87174078595921,0.21119397066903872,0.999198612854166
26.35370519267393,0.21740926981206737,0.9992417489431409
26.844648109619627,0.22375559557808739,0.9992825648225097
27.3447367973758,0.2302326746439112,0.9993211851173511
27.85414163241766,0.23684004052412472,0.9993577277770748
28.373036165162116,0.2435770267329669,0.9993923044310928
28.901597179095088,0.2504427603514,0.9994250207257412
29.440004751000338,0.25743615605557,0.9994559766434221
29.988442312310276,0.26455591066319406,0.9994852668048823
30.547096711599682,0.271800498254255,0.9995129807555047
31.1161582782436,0.27916816592171134,0.9995392032364432
31.695820887261153,0.2866569302066946,0.9995640144413871
32.286282025367306,0.29426457427085145,0.999587490259707
32.8877428582551,0.30198864585606844,0.9996097025066935
33.50040829913133,0.3098264560787836,0.9996307191415634
34.124487078528894,0.31777507910242564,0.9996506044738734
34.76019181541977,0.325831352727248,0.9996694193589518
35.4077390896527,0.3339918799319368,0.9996872213829269
36.06734951574028,0.3422530313958992,0.9997040650378932
36.73924781802074,0.35061094902511264,0.9997200018877442
37.42366290721981,0.3590615504978771,0.9997350807251578
38.12082795843888,0.3676005348398101,0.9997493477202029
38.83098049059605,0.3762233890300277,0.9997628465610128
39.55436244734702,0.38492539563272676,0.9997756185869435
40.29122027951348,0.393701641440404,0.9997877029146145
41.04180502904709,0.4025470271068145,0.9997991365572113
41.80637241455758,0.4114562777395599,0.9998099545374067
42.58518291843414,0.42042395441402286,0.999820189994238
43.37850187558989,0.4294444665623164,0.9998298742842667
44.18659956385942,0.43851208518310597,0.9998390370773171
45.009751296080466,0.4476209568106928,0.99984770644709
45.84823751389096,0.4567651181747103,0.9998559089569198
46.70234388327331,0.46593851147529536,0.9998636697409354
47.57236139187884,0.47513500019273397,0.9998710125808704
48.45858644816491,0.4843483853454227,0.9998779599787538
49.36132098237912,0.4935724221056418,0.999884533225702
50.28087254942475,0.502800836679119,0.9998907524670209
51.21755443364236,0.5120273433517678,0.9998966367638125
52.171685755543436,0.5212456616053348,0.9999022041512766
53.14359158053236,0.530449533203001,0.9999074716938826
54.133603029653756,0.5396327391462852,0.9999124555375779
55.14205739240296,0.5487891164058685,0.9999171709591927
56.16929824163804,0.5579125743311927,0.9999216324131924
57.21567555063246,0.5669971106468366,0.9999258535759173
58.2815458123084,0.5760368269477073,0.9999298473874452
59.3672721606912,0.5850259436099318,0.9999336260912057
60.47322449462643,0.5939588140399213,0.9999372012714646
61.59977960380162,0.6028299381903448,0.9999405838887928
62.74732129711575,0.6116339752785757,0.9999437843136312
63.91624053343999,0.6203657556504861,0.9999468123580474
65.10693555481454,0.629020291740155,0.9999496773057882
66.31981202212668,0.6375927880840219,0.9999523879407142
67.5552831533164,0.6460786503561567,0.9999549525737059
68.81376986415663,0.6544734933995204,0.9999573790681224
70.09570091165618,0.6627731482362723,0.9999596748638909
71.40151304013396,0.6709736680482282,0.9999618470003004
72.73165113001454,0.6790713331264082,0.9999639021375697
74.0865683493956,0.6870626547961544,0.9999658465772535
75.46672630843887,0.6949443783314552,0.9999676862815529
76.87259521663728,0.7027134848788521,0.9999694268915839
78.30465404301182,0.7103671924175247,0.9999710737446665
79.76339067929273,0.7179029557878556,0.9999726318906799
81.24930210614048,0.7253184658258879,0.9999741061075391
82.76289456246343,0.7326116476456173,0.9999755009158404
84.30468371788967,0.7397806581149481,0.9999768205927143
85.87519484845171,0.7468238825744409,0.9999780691849368
87.47496301554415,0.7537399308506267,0.9999792505213332
89.10453324821513,0.7605276326177192,0.9999803682245136
90.76446072885356,0.7671860321630138,0.9999814257219795
92.4553109823357,0.773714382612156,0.9999824262566281
94.17766006869519,0.7801121396708128,0.9999833728966955
95.93209477938241,0.7863789549391362,0.9999842685451613
97.71921283717997,0.7925146688547924,0.9999851159486489
99.53962309984233,0.7985193033192961,0.9999859177058461
101.39394576752917,0.8043930540609747,0.9999866762754712
103.28281259410285,0.8101362827861274,0.9999873939838125
105.20686710236228,0.8157495091679166,0.9999880730318588
107.16676480328633,0.8212334027202169,0.9999887155020489
109.16317341936147,0.8265887746011743,0.999989323364656
111.19677311206989,0.8318165693885523,0.9999898984838291
113.26825671361537,0.8369178568661778,0.9999904426233076
115.37832996296608,0.8418938238579226,0.9999909574518302
117.52771174629451,0.8467457661427542,0.9999914445482514
119.71713434189657,0.8514750804814464,0.9999919054063825
121.9473436696737,0.8560832567826292,0.9999923414395717
124.21909954526161,0.860571870432967,0.9999927539850391
126.53317593889416,0.864942574813439,0.9999931443079755
128.89036123908915,0.8691970940209462,0.9999935136054231
131.2914585212464,0.8733372158118322,0.9999938630099457
133.7372858212495,0.8773647847813671,0.9999941935931014
136.22867641416454,0.8812816957908415,0.9999945063687291
138.7664790981307,0.8850898876516322,0.9999948022960569
141.35155848353943,0.888791337073477,0.9999950822826439
143.98479528760066,0.89238805288219,0.9999953471871629
146.6670866343967,0.8958820705102055,0.9999955978220337
149.3993463605256,0.8992754467616456,0.9999958349559155
152.18250532643856,0.9025702548520371,0.9999960593160616
155.0175117335769,0.9057685797214061,0.9999962715905526
157.9053314474174,0.908872513618197,0.9999964724304038
160.8469483265355,0.9118841519503371,0.9999966624515637
163.8433645577983,0.9148055893987543,0.9999968422368016
166.89560099780232,0.9176389162877844,0.9999970123374955
170.00469752067164,0.9203862152061385,0.999997173275322
173.1717133723353,0.9230495578714553,0.9999973255438581
176.39772753140434,0.9256310022309122,0.9999974696100926
179.68383907677193,0.9281325897899374,0.9999976059158593
183.0311675620611,0.9305563431606879,0.9999977348791924
186.44085339704853,0.932904263821707,0.9999978568956079
189.91405823619337,0.9351783300799634,0.9999979723393162
193.45196537440444,0.9373804952263561,0.999998081564371
197.05578015017983,0.9395126858757,0.9999981849057532
200.72673035625684,0.9415768004822034,0.9999982826804006
204.46606665791157,0.9435747080214901,0.9999983751881775
208.27506301905143,0.9455082468303057,0.9999984627127958
212.15501713624502,0.9473792235951728,0.9999985455226851
216.10725088083765,0.9491894124814266,0.9999986238718149
220.13311074930303,0.9509405543942433,0.9999986980004746
224.2339683219845,0.952634356363492,0.9999987681360096
228.41122073038233,0.9542724910444798,0.999998834493519
232.6662911331458,0.9558565963269018,0.9999988972765154
237.0006292009328,0.9573882750445831,0.9999989566775479
241.41571161030177,0.9588690947788673,0.9999990128787942
245.9130425468044,0.9603005877487927,0.9999990660526191
250.49415421745024,0.9616842507814876,0.9999991163621013
255.16060737271837,0.9630215453564961,0.999999163961536
259.91399183829327,0.9643138977180531,0.9999992089969063
264.75592705670664,0.9655626990495989,0.999999251606332
269.68806263906924,0.9667693057051276,0.9999992919204925
274.71207892708117,0.9679350394922327,0.999999330063028
279.82968756551156,0.9690611880020021,0.9999993661509182
285.0426320853435,0.9701490049811806,0.9999994002948419
290.3526884977814,0.9711997107422815,0.9999994325995158
295.76166589932535,0.9722144926075925,0.9999994631640157
301.2714070881164,0.9731945053832648,0.99999949208208
306.8837891917642,0.9741408718599146,0.9999995194423987
312.60072430687,0.9750546833364018,0.9999995453288832
318.42416015046496,0.9759370001636675,0.9999995698209257
324.3560807235808,0.9767888523057303,0.9999995929936412
330.3985069871855,0.9776112399151416,0.9999996149180983
336.5534975507091,0.9784051339203937,0.9999996356615379
342.8231493733967,0.9791714766229624,0.9999996552875787
349.2095984787268,0.9799111823018427,0.9999996738564119
355.71502068213823,0.9806251378235941,0.9999996914249867
362.3416323323146,0.9813142032560845,0.9999997080471847
369.09169106627746,0.9819792124842565,0.9999997237739849
375.9674965785464,0.9826209738263901,0.9999997386536205
382.9713914046277,0.983240270649467,0.9999997527317256
390.10576171909895,0.9838378619823615,0.9999997660514769
397.37303814856045,0.9844144831257088,0.9999997786537252
404.7756965997318,0.984970846257403,0.9999997905771209
412.3162591029748,0.9855076410327873,0.9999998018582317
419.9972946715302,0.9860255351786895,0.9999998125316559
427.8214201767613,0.9865251750805496,0.9999998226301284
435.79130123970253,0.9870071863619695,0.9999998321846206
443.90965313921663,0.9874721744560916,0.999999841224435
452.17924173706973,0.9879207251682848,0.9999998497772961
460.60288442023983,0.988353405229689,0.9999998578694351
469.1834510607794,0.9887707628412238,0.99999986552567
477.9238649935595,0.9891733282077311,0.9999998727694819
486.8271040122279,0.9895616140619715,0.9999998796230868
495.8962013837212,0.9899361161782438,0.9999998861075045
505.1342468816761,0.9902973138754437,0.999999892242622
514.5443878390925,0.9906456705094158,0.9999998980472553
524.1298302206056,0.9909816339544943,0.9999999035392069
533.893839714735,0.9913056370741643,0.9999999087353203
543.8397428464796,0.9916180981807973,0.9999999136515313
553.97092811064,0.9919194214844578,0.9999999183029178
564.2908471262537,0.992209997530794,0.9999999227037453
574.8030158125351,0.9924902036280498,0.9999999268675104
585.5110155867238,0.9927604042632637,0.9999999308069837
596.418494584246,0.9930209515077305,0.9999999345342468
607.5291689016071,0.9932721854118259,0.9999999380607313
618.8468238624383,0.9935144343893064,0.9999999413972523
630.3753153071275,0.9937480155912106,0.9999999445540431
642.1185709064758,0.9939732352694993,0.9999999475407847
654.0805914998252,0.9941903891305874,0.9999999503666379
666.265452458115,0.9943997626789214,0.9999999530402692
678.6773050723295,0.9946016315507736,0.9999999555698782
691.3203779678128,0.9947962618384215,0.9999999579632233
704.1989785449289,0.9949839104048964,0.9999999602276444
717.3174944465612,0.9951648251894807,0.9999999623700867
730.68039505295,0.9953392455041439,0.9999999643971206
744.2922330043758,0.9955074023211093,0.999999966314963
758.157645752211,0.9956695185517414,0.9999999681294959
772.2813571388642,0.9958258093169498,0.9999999698462843
786.6681790071582,0.9959764822093088,0.999999971470593
801.3230128396879,0.9961217375470823,0.9999999730074046
816.2508514287221,0.9962617686203571,0.9999999744614314
831.4567805772056,0.9963967619294745,0.9999999758371335
846.9459808314576,0.9965268974159592,0.9999999771387297
862.7237292461442,0.9966523486861366,0.999999978370212
878.7954011821311,0.9967732832276294,0.9999999795353574
895.1664721378293,0.9968898626189263,0.9999999806377388
911.8425196146562,0.9970022427322077,0.9999999816807378
928.829225017249,0.9971105739296146,0.9999999826675531
946.132375589076,0.9972150012531423,0.9999999836012108
963.757866384108,0.9973156646083412,0.9999999844845746
981.7117022752184,0.9974126989419964,0.9999999853203536
1000.0,0.9975062344139651,0.9999999861111113
