t,state_on,true_emission,event_id,snap_observed,snap_detected,snap_measurement,cont_observed,cont_detected,cont_measurement
0,1,77.62726788204117,0,0,0,,0,0,
1,1,77.62726788204117,0,0,0,,0,0,
2,1,77.62726788204117,0,0,0,,0,0,
3,1,77.62726788204117,0,0,0,,0,0,
4,0,0.0,-1,0,0,,0,0,
5,0,0.0,-1,1,0,,0,0,
6,0,0.0,-1,0,0,,0,0,
7,0,0.0,-1,0,0,,0,0,
8,0,0.0,-1,0,0,,0,0,
9,0,0.0,-1,0,0,,0,0,
10,0,0.0,-1,0,0,,0,0,
11,0,0.0,-1,0,0,,0,0,
12,0,0.0,-1,0,0,,0,0,
13,0,0.0,-1,0,0,,0,0,
14,0,0.0,-1,1,0,,0,0,
15,0,0.0,-1,0,0,,0,0,
16,0,0.0,-1,0,0,,0,0,
17,0,0.0,-1,0,0,,0,0,
18,0,0.0,-1,1,0,,0,0,
19,0,0.0,-1,0,0,,0,0,
20,0,0.0,-1,0,0,,0,0,
21,0,0.0,-1,0,0,,0,0,
22,0,0.0,-1,0,0,,0,0,
23,0,0.0,-1,0,0,,0,0,
24,0,0.0,-1,0,0,,0,0,
25,0,0.0,-1,1,0,,0,0,
26,0,0.0,-1,0,0,,0,0,
27,0,0.0,-1,0,0,,0,0,
28,0,0.0,-1,0,0,,0,0,
29,0,0.0,-1,0,0,,0,0,
30,0,0.0,-1,0,0,,0,0,
31,0,0.0,-1,0,0,,0,0,
32,0,0.0,-1,0,0,,0,0,
33,0,0.0,-1,0,0,,0,0,
34,0,0.0,-1,0,0,,0,0,
35,0,0.0,-1,1,0,,0,0,
36,0,0.0,-1,0,0,,0,0,
37,0,0.0,-1,0,0,,0,0,
38,0,0.0,-1,0,0,,0,0,
39,0,0.0,-1,0,0,,0,0,
40,0,0.0,-1,0,0,,1,0,
41,0,0.0,-1,0,0,,1,0,
42,0,0.0,-1,0,0,,1,0,
43,0,0.0,-1,0,0,,1,0,
44,0,0.0,-1,0,0,,1,0,
45,0,0.0,-1,0,0,,1,0,
46,0,0.0,-1,0,0,,1,0,
47,0,0.0,-1,0,0,,1,0,
48,0,0.0,-1,0,0,,1,0,
49,0,0.0,-1,0,0,,1,0,
50,0,0.0,-1,0,0,,1,0,
51,0,0.0,-1,0,0,,1,0,
52,0,0.0,-1,1,0,,1,0,
53,0,0.0,-1,0,0,,1,0,
54,0,0.0,-1,1,0,,1,0,
55,0,0.0,-1,0,0,,1,0,
56,0,0.0,-1,0,0,,1,0,
57,0,0.0,-1,0,0,,1,0,
58,0,0.0,-1,0,0,,1,0,
59,1,53.72164367273566,1,0,0,,1,1,49.21660278396814
60,1,53.72164367273566,1,0,0,,1,1,44.6943126537071
61,1,53.72164367273566,1,0,0,,1,1,44.67204662488631
62,0,0.0,-1,0,0,,1,0,
63,0,0.0,-1,0,0,,1,0,
64,0,0.0,-1,0,0,,1,0,
65,0,0.0,-1,0,0,,1,0,
66,0,0.0,-1,0,0,,1,0,
67,0,0.0,-1,0,0,,1,0,
68,0,0.0,-1,0,0,,1,0,
69,0,0.0,-1,1,0,,1,0,
70,0,0.0,-1,0,0,,1,0,
71,0,0.0,-1,0,0,,1,0,
72,0,0.0,-1,0,0,,1,0,
73,0,0.0,-1,0,0,,1,0,
74,0,0.0,-1,0,0,,1,0,
75,0,0.0,-1,0,0,,1,0,
76,0,0.0,-1,0,0,,1,0,
77,0,0.0,-1,0,0,,1,0,
78,0,0.0,-1,0,0,,1,0,
79,0,0.0,-1,0,0,,1,0,
80,0,0.0,-1,0,0,,1,0,
81,0,0.0,-1,0,0,,1,0,
82,0,0.0,-1,0,0,,1,0,
83,0,0.0,-1,0,0,,1,0,
84,0,0.0,-1,0,0,,1,0,
85,0,0.0,-1,0,0,,1,0,
86,0,0.0,-1,0,0,,1,0,
87,0,0.0,-1,0,0,,1,0,
88,0,0.0,-1,0,0,,1,0,
89,0,0.0,-1,0,0,,1,0,
90,0,0.0,-1,0,0,,0,0,
91,0,0.0,-1,0,0,,0,0,
92,0,0.0,-1,0,0,,0,0,
93,0,0.0,-1,0,0,,0,0,
94,0,0.0,-1,0,0,,0,0,
95,0,0.0,-1,0,0,,0,0,
96,0,0.0,-1,0,0,,0,0,
97,0,0.0,-1,0,0,,0,0,
98,0,0.0,-1,0,0,,0,0,
99,0,0.0,-1,0,0,,0,0,
100,0,0.0,-1,0,0,,0,0,
101,0,0.0,-1,1,0,,0,0,
102,0,0.0,-1,0,0,,0,0,
103,0,0.0,-1,0,0,,0,0,
104,0,0.0,-1,0,0,,0,0,
105,0,0.0,-1,0,0,,0,0,
106,0,0.0,-1,0,0,,0,0,
107,0,0.0,-1,0,0,,0,0,
108,0,0.0,-1,0,0,,0,0,
109,0,0.0,-1,0,0,,0,0,
110,0,0.0,-1,0,0,,0,0,
111,0,0.0,-1,0,0,,0,0,
112,0,0.0,-1,0,0,,0,0,
113,0,0.0,-1,0,0,,0,0,
114,0,0.0,-1,0,0,,0,0,
115,0,0.0,-1,0,0,,0,0,
116,0,0.0,-1,0,0,,0,0,
117,0,0.0,-1,1,0,,0,0,
118,0,0.0,-1,0,0,,0,0,
119,0,0.0,-1,0,0,,0,0,
120,0,0.0,-1,0,0,,1,0,
121,0,0.0,-1,0,0,,1,0,
122,0,0.0,-1,0,0,,1,0,
123,0,0.0,-1,0,0,,1,0,
124,0,0.0,-1,0,0,,1,0,
125,0,0.0,-1,0,0,,1,0,
126,0,0.0,-1,0,0,,1,0,
127,0,0.0,-1,0,0,,1,0,
128,0,0.0,-1,0,0,,1,0,
129,0,0.0,-1,1,0,,1,0,
130,0,0.0,-1,0,0,,1,0,
131,0,0.0,-1,0,0,,1,0,
132,0,0.0,-1,0,0,,1,0,
133,0,0.0,-1,0,0,,1,0,
134,0,0.0,-1,0,0,,1,0,
135,0,0.0,-1,0,0,,1,0,
136,0,0.0,-1,0,0,,1,0,
137,0,0.0,-1,0,0,,1,0,
138,0,0.0,-1,0,0,,1,0,
139,0,0.0,-1,0,0,,1,0,
140,0,0.0,-1,1,0,,1,0,
141,0,0.0,-1,1,0,,1,0,
142,0,0.0,-1,0,0,,1,0,
143,0,0.0,-1,0,0,,1,0,
144,0,0.0,-1,0,0,,1,0,
145,0,0.0,-1,0,0,,1,0,
146,0,0.0,-1,0,0,,1,0,
147,0,0.0,-1,0,0,,1,0,
148,0,0.0,-1,0,0,,1,0,
149,0,0.0,-1,0,0,,1,0,
150,0,0.0,-1,0,0,,1,0,
151,0,0.0,-1,0,0,,1,0,
152,0,0.0,-1,0,0,,1,0,
153,0,0.0,-1,0,0,,1,0,
154,0,0.0,-1,0,0,,1,0,
155,0,0.0,-1,0,0,,1,0,
156,0,0.0,-1,1,0,,1,0,
157,0,0.0,-1,0,0,,1,0,
158,0,0.0,-1,0,0,,1,0,
159,0,0.0,-1,1,0,,1,0,
160,0,0.0,-1,0,0,,1,0,
161,0,0.0,-1,0,0,,1,0,
162,0,0.0,-1,0,0,,1,0,
163,0,0.0,-1,0,0,,1,0,
164,0,0.0,-1,0,0,,1,0,
165,0,0.0,-1,0,0,,1,0,
166,0,0.0,-1,1,0,,1,0,
167,0,0.0,-1,0,0,,1,0,
168,0,0.0,-1,1,0,,1,0,
169,0,0.0,-1,0,0,,1,0,
170,0,0.0,-1,0,0,,0,0,
171,0,0.0,-1,0,0,,0,0,
172,0,0.0,-1,1,0,,0,0,
173,0,0.0,-1,1,0,,0,0,
174,0,0.0,-1,0,0,,0,0,
175,0,0.0,-1,0,0,,0,0,
176,0,0.0,-1,0,0,,0,0,
177,0,0.0,-1,1,0,,0,0,
178,0,0.0,-1,0,0,,0,0,
179,0,0.0,-1,1,0,,0,0,
180,0,0.0,-1,0,0,,0,0,
181,0,0.0,-1,0,0,,0,0,
182,0,0.0,-1,0,0,,0,0,
183,0,0.0,-1,1,0,,0,0,
184,0,0.0,-1,0,0,,1,0,
185,0,0.0,-1,0,0,,1,0,
186,0,0.0,-1,0,0,,1,0,
187,0,0.0,-1,0,0,,1,0,
188,0,0.0,-1,0,0,,1,0,
189,0,0.0,-1,0,0,,1,0,
190,0,0.0,-1,0,0,,1,0,
191,0,0.0,-1,0,0,,1,0,
192,0,0.0,-1,0,0,,1,0,
193,0,0.0,-1,0,0,,1,0,
194,0,0.0,-1,0,0,,1,0,
195,0,0.0,-1,0,0,,1,0,
196,0,0.0,-1,0,0,,1,0,
197,0,0.0,-1,0,0,,1,0,
198,0,0.0,-1,0,0,,1,0,
199,0,0.0,-1,0,0,,1,0,
200,0,0.0,-1,1,0,,1,0,
201,0,0.0,-1,0,0,,1,0,
202,0,0.0,-1,0,0,,1,0,
203,0,0.0,-1,0,0,,1,0,
204,0,0.0,-1,0,0,,1,0,
205,0,0.0,-1,0,0,,1,0,
206,0,0.0,-1,0,0,,1,0,
207,0,0.0,-1,1,0,,1,0,
208,0,0.0,-1,0,0,,1,0,
209,0,0.0,-1,0,0,,1,0,
210,0,0.0,-1,0,0,,1,0,
211,0,0.0,-1,0,0,,1,0,
212,0,0.0,-1,0,0,,1,0,
213,0,0.0,-1,1,0,,1,0,
214,0,0.0,-1,0,0,,1,0,
215,0,0.0,-1,0,0,,1,0,
216,0,0.0,-1,0,0,,1,0,
217,0,0.0,-1,0,0,,1,0,
218,0,0.0,-1,0,0,,1,0,
219,1,43.47987197679271,2,0,0,,1,1,37.09187162038603
220,1,43.47987197679271,2,1,1,43.02203238860387,1,1,41.80745574576737
221,1,43.47987197679271,2,0,0,,1,1,49.7545777616923
222,1,43.47987197679271,2,0,0,,1,1,34.120617934833426
223,1,43.47987197679271,2,0,0,,1,1,47.03996105467529
224,1,43.47987197679271,2,0,0,,1,1,42.116692474784465
225,1,43.47987197679271,2,0,0,,1,1,27.41059187958938
226,1,43.47987197679271,2,0,0,,1,1,35.90631488658013
227,1,43.47987197679271,2,0,0,,1,1,32.329362103303616
228,1,43.47987197679271,2,0,0,,1,1,36.21252791838332
229,1,43.47987197679271,2,0,0,,1,1,34.32006429770016
230,1,43.47987197679271,2,0,0,,1,1,41.626455443615924
231,1,43.47987197679271,2,1,1,44.29881962486699,1,1,47.24849632975841
232,1,43.47987197679271,2,0,0,,1,1,38.61154658836016
233,1,43.47987197679271,2,0,0,,1,1,36.01382593056745
234,1,43.47987197679271,2,1,1,41.422521835787606,0,0,
235,1,43.47987197679271,2,0,0,,0,0,
236,1,43.47987197679271,2,0,0,,0,0,
237,1,43.47987197679271,2,1,0,,0,0,
238,1,43.47987197679271,2,0,0,,0,0,
239,1,43.47987197679271,2,0,0,,0,0,
240,1,43.47987197679271,2,0,0,,0,0,
241,1,43.47987197679271,2,0,0,,0,0,
242,1,43.47987197679271,2,0,0,,0,0,
243,1,43.47987197679271,2,0,0,,0,0,
244,0,0.0,-1,0,0,,0,0,
245,0,0.0,-1,0,0,,0,0,
246,0,0.0,-1,0,0,,0,0,
247,0,0.0,-1,0,0,,0,0,
248,0,0.0,-1,0,0,,0,0,
249,0,0.0,-1,0,0,,0,0,
250,0,0.0,-1,0,0,,0,0,
251,0,0.0,-1,0,0,,0,0,
252,0,0.0,-1,0,0,,0,0,
253,0,0.0,-1,0,0,,0,0,
254,0,0.0,-1,1,0,,0,0,
255,0,0.0,-1,0,0,,0,0,
256,0,0.0,-1,0,0,,0,0,
257,0,0.0,-1,0,0,,0,0,
258,0,0.0,-1,0,0,,0,0,
259,0,0.0,-1,0,0,,0,0,
260,0,0.0,-1,0,0,,0,0,
261,0,0.0,-1,0,0,,0,0,
262,0,0.0,-1,0,0,,0,0,
263,1,89.94826744205464,3,0,0,,0,0,
264,1,89.94826744205464,3,0,0,,0,0,
265,1,89.94826744205464,3,0,0,,0,0,
266,1,89.94826744205464,3,1,1,85.47624188035675,0,0,
267,1,89.94826744205464,3,0,0,,0,0,
268,1,89.94826744205464,3,1,1,90.50259118998845,0,0,
269,1,89.94826744205464,3,0,0,,0,0,
270,1,89.94826744205464,3,1,1,86.700638498694,0,0,
271,1,89.94826744205464,3,0,0,,0,0,
272,1,89.94826744205464,3,0,0,,0,0,
273,1,89.94826744205464,3,0,0,,0,0,
274,1,89.94826744205464,3,0,0,,0,0,
275,1,89.94826744205464,3,0,0,,0,0,
276,1,89.94826744205464,3,0,0,,0,0,
277,1,89.94826744205464,3,1,1,84.4603277477325,0,0,
278,1,89.94826744205464,3,0,0,,0,0,
279,1,89.94826744205464,3,0,0,,0,0,
280,1,89.94826744205464,3,0,0,,0,0,
281,1,89.94826744205464,3,0,0,,0,0,
282,0,0.0,-1,0,0,,0,0,
283,0,0.0,-1,0,0,,0,0,
284,0,0.0,-1,0,0,,0,0,
285,0,0.0,-1,1,0,,0,0,
286,0,0.0,-1,1,0,,0,0,
287,0,0.0,-1,0,0,,0,0,
288,0,0.0,-1,0,0,,0,0,
289,0,0.0,-1,0,0,,0,0,
290,0,0.0,-1,0,0,,0,0,
291,0,0.0,-1,1,0,,0,0,
292,0,0.0,-1,0,0,,0,0,
293,0,0.0,-1,1,0,,0,0,
294,0,0.0,-1,0,0,,0,0,
295,0,0.0,-1,0,0,,0,0,
296,0,0.0,-1,1,0,,0,0,
297,0,0.0,-1,0,0,,0,0,
298,0,0.0,-1,0,0,,0,0,
299,0,0.0,-1,0,0,,0,0,
300,0,0.0,-1,1,0,,0,0,
301,0,0.0,-1,0,0,,0,0,
302,0,0.0,-1,0,0,,0,0,
303,0,0.0,-1,0,0,,0,0,
304,0,0.0,-1,0,0,,0,0,
305,0,0.0,-1,0,0,,0,0,
306,0,0.0,-1,0,0,,0,0,
307,0,0.0,-1,0,0,,0,0,
308,0,0.0,-1,0,0,,0,0,
309,0,0.0,-1,1,0,,0,0,
310,0,0.0,-1,0,0,,0,0,
311,0,0.0,-1,0,0,,0,0,
312,0,0.0,-1,0,0,,0,0,
313,0,0.0,-1,1,0,,0,0,
314,0,0.0,-1,0,0,,0,0,
315,0,0.0,-1,0,0,,0,0,
316,0,0.0,-1,0,0,,0,0,
317,0,0.0,-1,0,0,,0,0,
318,0,0.0,-1,1,0,,0,0,
319,0,0.0,-1,0,0,,0,0,
320,0,0.0,-1,0,0,,0,0,
321,0,0.0,-1,0,0,,0,0,
322,0,0.0,-1,0,0,,0,0,
323,0,0.0,-1,0,0,,0,0,
324,0,0.0,-1,1,0,,1,0,
325,0,0.0,-1,1,0,,1,0,
326,1,139.6133096070452,4,0,0,,1,1,175.69823864198543
327,1,139.6133096070452,4,0,0,,1,1,158.46543811569896
328,1,139.6133096070452,4,0,0,,1,1,187.16424005531206
329,1,139.6133096070452,4,0,0,,1,1,91.19684576378056
330,1,139.6133096070452,4,0,0,,1,1,166.35179116091086
331,1,139.6133096070452,4,0,0,,1,1,114.09465408081104
332,0,0.0,-1,0,0,,1,0,
333,0,0.0,-1,1,0,,1,0,
334,0,0.0,-1,0,0,,1,0,
335,0,0.0,-1,0,0,,1,0,
336,0,0.0,-1,0,0,,1,0,
337,0,0.0,-1,0,0,,1,0,
338,0,0.0,-1,0,0,,1,0,
339,0,0.0,-1,0,0,,1,0,
340,0,0.0,-1,0,0,,1,0,
341,0,0.0,-1,1,0,,1,0,
342,0,0.0,-1,0,0,,1,0,
343,0,0.0,-1,0,0,,1,0,
344,0,0.0,-1,0,0,,1,0,
345,0,0.0,-1,0,0,,1,0,
346,0,0.0,-1,1,0,,1,0,
347,0,0.0,-1,0,0,,1,0,
348,1,21.295026832279234,5,0,0,,1,1,18.00992185271651
349,1,21.295026832279234,5,0,0,,1,1,20.948447532068307
350,1,21.295026832279234,5,0,0,,1,1,24.770068652816803
351,1,21.295026832279234,5,0,0,,1,1,23.652179534996186
352,1,21.295026832279234,5,0,0,,1,1,25.806825084995264
353,1,21.295026832279234,5,0,0,,1,1,27.951558829101607
354,1,21.295026832279234,5,1,0,,1,1,23.15948740605813
355,1,21.295026832279234,5,1,0,,1,1,24.357996934319726
356,0,0.0,-1,0,0,,1,0,
357,0,0.0,-1,0,0,,1,0,
358,0,0.0,-1,0,0,,1,0,
359,0,0.0,-1,0,0,,1,0,
360,0,0.0,-1,0,0,,1,0,
361,0,0.0,-1,0,0,,1,0,
362,0,0.0,-1,0,0,,1,0,
363,0,0.0,-1,0,0,,1,0,
364,0,0.0,-1,0,0,,1,0,
365,0,0.0,-1,1,0,,1,0,
366,0,0.0,-1,0,0,,1,0,
367,0,0.0,-1,0,0,,1,0,
368,0,0.0,-1,1,0,,1,0,
369,0,0.0,-1,0,0,,1,0,
370,0,0.0,-1,0,0,,1,0,
371,1,47.04613483060948,6,0,0,,1,1,43.59564395650019
372,1,47.04613483060948,6,1,0,,1,1,50.641153556383856
373,1,47.04613483060948,6,0,0,,1,1,47.30326480689443
374,1,47.04613483060948,6,0,0,,0,0,
375,1,47.04613483060948,6,0,0,,0,0,
376,1,47.04613483060948,6,0,0,,0,0,
377,1,47.04613483060948,6,1,1,51.75239506172002,0,0,
378,1,47.04613483060948,6,1,1,48.06234019450856,0,0,
379,1,47.04613483060948,6,0,0,,0,0,
380,1,47.04613483060948,6,1,1,46.159296492001765,0,0,
381,1,47.04613483060948,6,0,0,,0,0,
382,1,47.04613483060948,6,0,0,,0,0,
383,1,47.04613483060948,6,0,0,,0,0,
384,1,47.04613483060948,6,1,0,,0,0,
385,1,47.04613483060948,6,0,0,,0,0,
386,1,47.04613483060948,6,0,0,,0,0,
387,1,47.04613483060948,6,0,0,,0,0,
388,1,47.04613483060948,6,0,0,,0,0,
389,1,47.04613483060948,6,1,1,45.32799720198173,0,0,
390,1,47.04613483060948,6,0,0,,0,0,
391,1,47.04613483060948,6,0,0,,0,0,
392,0,0.0,-1,0,0,,0,0,
393,0,0.0,-1,0,0,,0,0,
394,0,0.0,-1,0,0,,0,0,
395,0,0.0,-1,0,0,,0,0,
396,0,0.0,-1,0,0,,0,0,
397,0,0.0,-1,0,0,,0,0,
398,0,0.0,-1,0,0,,0,0,
399,0,0.0,-1,1,0,,0,0,
400,0,0.0,-1,1,0,,0,0,
401,0,0.0,-1,0,0,,0,0,
402,0,0.0,-1,0,0,,0,0,
403,0,0.0,-1,0,0,,0,0,
404,0,0.0,-1,0,0,,0,0,
405,0,0.0,-1,1,0,,0,0,
406,0,0.0,-1,0,0,,0,0,
407,0,0.0,-1,1,0,,0,0,
408,0,0.0,-1,0,0,,0,0,
409,0,0.0,-1,0,0,,0,0,
410,0,0.0,-1,0,0,,0,0,
411,0,0.0,-1,0,0,,0,0,
412,0,0.0,-1,1,0,,0,0,
413,0,0.0,-1,1,0,,0,0,
414,0,0.0,-1,0,0,,0,0,
415,0,0.0,-1,0,0,,0,0,
416,0,0.0,-1,0,0,,0,0,
417,0,0.0,-1,0,0,,0,0,
418,0,0.0,-1,0,0,,0,0,
419,0,0.0,-1,0,0,,0,0,
420,0,0.0,-1,0,0,,0,0,
421,0,0.0,-1,1,0,,0,0,
422,0,0.0,-1,0,0,,0,0,
423,0,0.0,-1,0,0,,0,0,
424,0,0.0,-1,0,0,,0,0,
425,0,0.0,-1,0,0,,0,0,
426,0,0.0,-1,0,0,,0,0,
427,0,0.0,-1,0,0,,0,0,
428,0,0.0,-1,0,0,,0,0,
429,0,0.0,-1,0,0,,0,0,
430,0,0.0,-1,0,0,,0,0,
431,0,0.0,-1,0,0,,0,0,
432,0,0.0,-1,1,0,,0,0,
433,0,0.0,-1,0,0,,0,0,
434,0,0.0,-1,0,0,,0,0,
435,0,0.0,-1,0,0,,0,0,
436,0,0.0,-1,0,0,,0,0,
437,0,0.0,-1,0,0,,0,0,
438,0,0.0,-1,0,0,,0,0,
439,0,0.0,-1,0,0,,0,0,
440,0,0.0,-1,0,0,,0,0,
441,0,0.0,-1,0,0,,1,0,
442,0,0.0,-1,0,0,,1,0,
443,0,0.0,-1,0,0,,1,0,
444,0,0.0,-1,0,0,,1,0,
445,0,0.0,-1,0,0,,1,0,
446,0,0.0,-1,0,0,,1,0,
447,0,0.0,-1,0,0,,1,0,
448,0,0.0,-1,0,0,,1,0,
449,0,0.0,-1,0,0,,1,0,
450,0,0.0,-1,1,0,,1,0,
451,0,0.0,-1,0,0,,1,0,
452,0,0.0,-1,0,0,,1,0,
453,0,0.0,-1,0,0,,1,0,
454,0,0.0,-1,0,0,,1,0,
455,0,0.0,-1,0,0,,1,0,
456,0,0.0,-1,0,0,,1,0,
457,0,0.0,-1,0,0,,1,0,
458,0,0.0,-1,0,0,,1,0,
459,0,0.0,-1,0,0,,1,0,
460,0,0.0,-1,0,0,,1,0,
461,0,0.0,-1,0,0,,1,0,
462,0,0.0,-1,0,0,,1,0,
463,0,0.0,-1,0,0,,1,0,
464,0,0.0,-1,1,0,,1,0,
465,0,0.0,-1,0,0,,1,0,
466,0,0.0,-1,0,0,,1,0,
467,0,0.0,-1,0,0,,1,0,
468,0,0.0,-1,0,0,,1,0,
469,0,0.0,-1,0,0,,1,0,
470,0,0.0,-1,0,0,,1,0,
471,0,0.0,-1,0,0,,1,0,
472,0,0.0,-1,0,0,,1,0,
473,0,0.0,-1,1,0,,1,0,
474,0,0.0,-1,0,0,,1,0,
475,0,0.0,-1,0,0,,1,0,
476,0,0.0,-1,0,0,,1,0,
477,0,0.0,-1,0,0,,1,0,
478,0,0.0,-1,0,0,,1,0,
479,0,0.0,-1,0,0,,1,0,
480,0,0.0,-1,0,0,,1,0,
481,0,0.0,-1,0,0,,1,0,
482,0,0.0,-1,0,0,,1,0,
483,0,0.0,-1,0,0,,1,0,
484,0,0.0,-1,0,0,,1,0,
485,0,0.0,-1,1,0,,1,0,
486,0,0.0,-1,0,0,,1,0,
487,0,0.0,-1,0,0,,1,0,
488,0,0.0,-1,0,0,,1,0,
489,0,0.0,-1,1,0,,1,0,
490,0,0.0,-1,0,0,,1,0,
491,0,0.0,-1,0,0,,0,0,
492,0,0.0,-1,0,0,,0,0,
493,0,0.0,-1,1,0,,0,0,
494,0,0.0,-1,0,0,,0,0,
495,0,0.0,-1,0,0,,0,0,
496,0,0.0,-1,0,0,,0,0,
497,0,0.0,-1,1,0,,0,0,
498,0,0.0,-1,0,0,,0,0,
499,0,0.0,-1,0,0,,0,0,
500,0,0.0,-1,0,0,,0,0,
501,0,0.0,-1,0,0,,0,0,
502,0,0.0,-1,0,0,,0,0,
503,0,0.0,-1,0,0,,1,0,
504,0,0.0,-1,0,0,,1,0,
505,0,0.0,-1,1,0,,1,0,
506,0,0.0,-1,0,0,,1,0,
507,0,0.0,-1,0,0,,1,0,
508,0,0.0,-1,0,0,,1,0,
509,0,0.0,-1,0,0,,1,0,
510,0,0.0,-1,1,0,,1,0,
511,0,0.0,-1,0,0,,1,0,
512,0,0.0,-1,0,0,,1,0,
513,0,0.0,-1,0,0,,1,0,
514,0,0.0,-1,0,0,,1,0,
515,0,0.0,-1,0,0,,1,0,
516,0,0.0,-1,0,0,,1,0,
517,0,0.0,-1,0,0,,1,0,
518,0,0.0,-1,0,0,,1,0,
519,0,0.0,-1,1,0,,1,0,
520,0,0.0,-1,0,0,,1,0,
521,0,0.0,-1,0,0,,1,0,
522,0,0.0,-1,0,0,,1,0,
523,0,0.0,-1,0,0,,1,0,
524,0,0.0,-1,0,0,,1,0,
525,0,0.0,-1,0,0,,1,0,
526,0,0.0,-1,0,0,,1,0,
527,0,0.0,-1,0,0,,1,0,
528,0,0.0,-1,0,0,,1,0,
529,0,0.0,-1,0,0,,1,0,
530,0,0.0,-1,0,0,,1,0,
531,1,17.076128186892372,7,0,0,,1,1,20.690938514237878
532,1,17.076128186892372,7,0,0,,1,1,16.086209969636982
533,1,17.076128186892372,7,0,0,,1,1,15.917961265318837
534,1,17.076128186892372,7,0,0,,1,1,20.742552301451227
535,1,17.076128186892372,7,0,0,,1,1,22.115255149662598
536,1,17.076128186892372,7,0,0,,1,1,17.742108999095414
537,1,17.076128186892372,7,0,0,,1,1,17.3535728433731
538,1,17.076128186892372,7,0,0,,1,1,17.728810001366032
539,1,17.076128186892372,7,1,0,,1,1,16.097539403466747
540,1,17.076128186892372,7,0,0,,1,1,12.58394927660374
541,1,17.076128186892372,7,0,0,,1,1,14.920748156754449
542,1,17.076128186892372,7,0,0,,1,1,14.94139634863113
543,0,0.0,-1,0,0,,1,0,
544,0,0.0,-1,0,0,,1,0,
545,0,0.0,-1,0,0,,1,0,
546,0,0.0,-1,0,0,,1,0,
547,0,0.0,-1,0,0,,1,0,
548,0,0.0,-1,0,0,,1,0,
549,0,0.0,-1,0,0,,1,0,
550,0,0.0,-1,0,0,,1,0,
551,0,0.0,-1,0,0,,1,0,
552,1,64.38929871154718,8,0,0,,1,1,68.15130217499345
553,1,64.38929871154718,8,0,0,,0,0,
554,1,64.38929871154718,8,0,0,,0,0,
555,1,64.38929871154718,8,0,0,,0,0,
556,1,64.38929871154718,8,0,0,,0,0,
557,1,64.38929871154718,8,0,0,,0,0,
558,0,0.0,-1,0,0,,0,0,
559,0,0.0,-1,0,0,,0,0,
560,0,0.0,-1,0,0,,0,0,
561,0,0.0,-1,0,0,,0,0,
562,0,0.0,-1,0,0,,0,0,
563,0,0.0,-1,1,0,,0,0,
564,0,0.0,-1,0,0,,0,0,
565,0,0.0,-1,0,0,,0,0,
566,0,0.0,-1,0,0,,0,0,
567,0,0.0,-1,0,0,,0,0,
568,0,0.0,-1,0,0,,0,0,
569,0,0.0,-1,0,0,,0,0,
570,0,0.0,-1,0,0,,0,0,
571,0,0.0,-1,0,0,,0,0,
572,0,0.0,-1,0,0,,0,0,
573,0,0.0,-1,0,0,,0,0,
574,0,0.0,-1,0,0,,0,0,
575,0,0.0,-1,0,0,,0,0,
576,0,0.0,-1,0,0,,0,0,
577,0,0.0,-1,0,0,,0,0,
578,0,0.0,-1,0,0,,0,0,
579,0,0.0,-1,1,0,,0,0,
580,0,0.0,-1,0,0,,0,0,
581,1,42.02479786407856,9,0,0,,0,0,
582,1,42.02479786407856,9,0,0,,0,0,
583,1,42.02479786407856,9,0,0,,0,0,
584,1,42.02479786407856,9,0,0,,0,0,
585,1,42.02479786407856,9,1,0,,0,0,
586,1,42.02479786407856,9,1,0,,0,0,
587,1,42.02479786407856,9,0,0,,0,0,
588,1,42.02479786407856,9,0,0,,0,0,
589,1,42.02479786407856,9,0,0,,0,0,
590,1,42.02479786407856,9,0,0,,0,0,
591,1,42.02479786407856,9,0,0,,0,0,
592,1,42.02479786407856,9,0,0,,0,0,
593,1,42.02479786407856,9,1,0,,0,0,
594,1,42.02479786407856,9,0,0,,0,0,
595,0,0.0,-1,1,0,,0,0,
596,0,0.0,-1,0,0,,0,0,
597,0,0.0,-1,0,0,,0,0,
598,0,0.0,-1,0,0,,0,0,
599,0,0.0,-1,0,0,,0,0,
600,0,0.0,-1,0,0,,0,0,
601,0,0.0,-1,0,0,,1,0,
602,0,0.0,-1,0,0,,1,0,
603,0,0.0,-1,0,0,,1,0,
604,0,0.0,-1,0,0,,1,0,
605,0,0.0,-1,1,0,,1,0,
606,0,0.0,-1,0,0,,1,0,
607,0,0.0,-1,0,0,,1,0,
608,0,0.0,-1,1,0,,1,0,
609,0,0.0,-1,0,0,,1,0,
610,1,43.59734241388253,10,0,0,,1,1,46.257989604249595
611,1,43.59734241388253,10,0,0,,1,1,49.612079847087884
612,0,0.0,-1,0,0,,1,0,
613,0,0.0,-1,0,0,,1,0,
614,0,0.0,-1,0,0,,1,0,
615,0,0.0,-1,0,0,,1,0,
616,0,0.0,-1,0,0,,1,0,
617,0,0.0,-1,0,0,,1,0,
618,0,0.0,-1,0,0,,1,0,
619,0,0.0,-1,0,0,,1,0,
620,0,0.0,-1,0,0,,1,0,
621,1,35.66235772344086,11,0,0,,1,1,29.536386297604185
622,1,35.66235772344086,11,0,0,,1,1,30.079545156867628
623,1,35.66235772344086,11,0,0,,1,1,33.60941296793369
624,1,35.66235772344086,11,0,0,,1,1,37.931950761804444
625,1,35.66235772344086,11,0,0,,1,1,36.87418942422803
626,1,35.66235772344086,11,1,0,,1,1,26.39301040991065
627,1,35.66235772344086,11,0,0,,1,1,41.943758647097006
628,1,35.66235772344086,11,0,0,,1,1,40.84476046723147
629,1,35.66235772344086,11,0,0,,1,1,36.83523160489481
630,1,35.66235772344086,11,0,0,,1,1,27.57613761365228
631,1,35.66235772344086,11,0,0,,1,1,30.19612007401083
632,1,35.66235772344086,11,0,0,,1,1,33.432527562211966
633,1,35.66235772344086,11,0,0,,1,1,28.276361681214404
634,1,35.66235772344086,11,1,0,,1,1,29.10656604854025
635,1,35.66235772344086,11,0,0,,1,1,43.32444287602334
636,1,35.66235772344086,11,1,1,36.734437187852784,1,1,30.66043357233606
637,1,35.66235772344086,11,0,0,,1,1,31.0179171229436
638,1,35.66235772344086,11,1,0,,1,1,29.808611301597843
639,1,35.66235772344086,11,0,0,,1,1,30.723066971161014
640,1,35.66235772344086,11,0,0,,1,1,42.23505686056836
641,1,35.66235772344086,11,1,0,,1,1,34.67176254922279
642,1,35.66235772344086,11,0,0,,1,1,26.993040963833682
643,1,35.66235772344086,11,0,0,,1,1,51.11594234639472
644,0,0.0,-1,0,0,,1,0,
645,0,0.0,-1,0,0,,1,0,
646,0,0.0,-1,0,0,,1,0,
647,0,0.0,-1,0,0,,1,0,
648,0,0.0,-1,0,0,,1,0,
649,0,0.0,-1,0,0,,1,0,
650,0,0.0,-1,1,0,,1,0,
651,0,0.0,-1,0,0,,0,0,
652,0,0.0,-1,0,0,,0,0,
653,0,0.0,-1,0,0,,0,0,
654,0,0.0,-1,1,0,,0,0,
655,0,0.0,-1,0,0,,0,0,
656,0,0.0,-1,0,0,,0,0,
657,0,0.0,-1,0,0,,0,0,
658,0,0.0,-1,0,0,,0,0,
659,0,0.0,-1,0,0,,0,0,
660,0,0.0,-1,0,0,,0,0,
661,0,0.0,-1,1,0,,0,0,
662,0,0.0,-1,0,0,,0,0,
663,0,0.0,-1,0,0,,0,0,
664,0,0.0,-1,0,0,,0,0,
665,0,0.0,-1,0,0,,0,0,
666,0,0.0,-1,1,0,,0,0,
667,0,0.0,-1,0,0,,0,0,
668,0,0.0,-1,0,0,,0,0,
669,0,0.0,-1,0,0,,0,0,
670,0,0.0,-1,0,0,,0,0,
671,0,0.0,-1,1,0,,0,0,
672,0,0.0,-1,0,0,,0,0,
673,0,0.0,-1,0,0,,0,0,
674,0,0.0,-1,0,0,,0,0,
675,0,0.0,-1,1,0,,0,0,
676,0,0.0,-1,1,0,,0,0,
677,0,0.0,-1,0,0,,0,0,
678,0,0.0,-1,1,0,,0,0,
679,0,0.0,-1,0,0,,0,0,
680,0,0.0,-1,0,0,,0,0,
681,0,0.0,-1,0,0,,0,0,
682,0,0.0,-1,0,0,,0,0,
683,0,0.0,-1,0,0,,0,0,
684,0,0.0,-1,0,0,,0,0,
685,0,0.0,-1,0,0,,0,0,
686,0,0.0,-1,0,0,,0,0,
687,0,0.0,-1,0,0,,0,0,
688,0,0.0,-1,0,0,,0,0,
689,0,0.0,-1,0,0,,0,0,
690,0,0.0,-1,0,0,,0,0,
691,0,0.0,-1,1,0,,0,0,
692,0,0.0,-1,0,0,,0,0,
693,0,0.0,-1,0,0,,0,0,
694,0,0.0,-1,0,0,,0,0,
695,0,0.0,-1,0,0,,0,0,
696,0,0.0,-1,0,0,,0,0,
697,0,0.0,-1,0,0,,0,0,
698,0,0.0,-1,0,0,,0,0,
699,0,0.0,-1,0,0,,0,0,
700,0,0.0,-1,0,0,,0,0,
701,0,0.0,-1,0,0,,0,0,
702,1,122.94414632748915,12,0,0,,0,0,
703,1,122.94414632748915,12,0,0,,0,0,
704,1,122.94414632748915,12,0,0,,0,0,
705,1,122.94414632748915,12,0,0,,0,0,
706,1,122.94414632748915,12,0,0,,0,0,
707,1,122.94414632748915,12,0,0,,0,0,
708,1,122.94414632748915,12,1,1,109.92535499905699,0,0,
709,1,122.94414632748915,12,0,0,,0,0,
710,1,122.94414632748915,12,0,0,,0,0,
711,1,122.94414632748915,12,0,0,,0,0,
712,1,122.94414632748915,12,0,0,,1,1,135.73592136887467
713,1,122.94414632748915,12,0,0,,1,1,196.90502238178843
714,1,122.94414632748915,12,0,0,,1,1,91.20774013395243
715,1,122.94414632748915,12,0,0,,1,1,101.84799753282637
716,1,122.94414632748915,12,0,0,,1,1,149.47369164501984
717,0,0.0,-1,0,0,,1,0,
718,0,0.0,-1,0,0,,1,0,
719,0,0.0,-1,0,0,,1,0,
720,0,0.0,-1,1,0,,1,0,
721,0,0.0,-1,0,0,,1,0,
722,0,0.0,-1,0,0,,1,0,
723,0,0.0,-1,0,0,,1,0,
724,0,0.0,-1,0,0,,1,0,
725,0,0.0,-1,0,0,,1,0,
726,0,0.0,-1,0,0,,1,0,
727,0,0.0,-1,0,0,,1,0,
728,0,0.0,-1,0,0,,1,0,
729,0,0.0,-1,0,0,,1,0,
730,0,0.0,-1,0,0,,1,0,
731,0,0.0,-1,0,0,,1,0,
732,0,0.0,-1,0,0,,1,0,
733,0,0.0,-1,0,0,,1,0,
734,0,0.0,-1,0,0,,1,0,
735,0,0.0,-1,1,0,,1,0,
736,0,0.0,-1,0,0,,1,0,
737,0,0.0,-1,0,0,,1,0,
738,0,0.0,-1,1,0,,1,0,
739,0,0.0,-1,0,0,,1,0,
740,0,0.0,-1,1,0,,1,0,
741,0,0.0,-1,0,0,,1,0,
742,0,0.0,-1,0,0,,1,0,
743,0,0.0,-1,0,0,,1,0,
744,0,0.0,-1,0,0,,1,0,
745,0,0.0,-1,0,0,,1,0,
746,0,0.0,-1,0,0,,1,0,
747,0,0.0,-1,0,0,,1,0,
748,0,0.0,-1,0,0,,1,0,
749,0,0.0,-1,0,0,,1,0,
750,0,0.0,-1,0,0,,1,0,
751,0,0.0,-1,0,0,,1,0,
752,0,0.0,-1,0,0,,1,0,
753,0,0.0,-1,0,0,,1,0,
754,0,0.0,-1,0,0,,1,0,
755,0,0.0,-1,0,0,,1,0,
756,0,0.0,-1,0,0,,1,0,
757,0,0.0,-1,0,0,,1,0,
758,0,0.0,-1,1,0,,1,0,
759,0,0.0,-1,1,0,,1,0,
760,0,0.0,-1,0,0,,1,0,
761,0,0.0,-1,1,0,,1,0,
762,0,0.0,-1,0,0,,0,0,
763,0,0.0,-1,0,0,,0,0,
764,0,0.0,-1,0,0,,0,0,
765,0,0.0,-1,0,0,,0,0,
766,0,0.0,-1,0,0,,0,0,
767,0,0.0,-1,1,0,,0,0,
768,0,0.0,-1,1,0,,0,0,
769,0,0.0,-1,0,0,,0,0,
770,0,0.0,-1,0,0,,0,0,
771,0,0.0,-1,0,0,,0,0,
772,0,0.0,-1,0,0,,0,0,
773,0,0.0,-1,0,0,,0,0,
774,0,0.0,-1,0,0,,0,0,
775,0,0.0,-1,0,0,,0,0,
776,0,0.0,-1,0,0,,0,0,
777,0,0.0,-1,0,0,,0,0,
778,0,0.0,-1,0,0,,0,0,
779,0,0.0,-1,1,0,,0,0,
780,0,0.0,-1,0,0,,0,0,
781,0,0.0,-1,0,0,,0,0,
782,0,0.0,-1,0,0,,0,0,
783,0,0.0,-1,0,0,,0,0,
784,0,0.0,-1,0,0,,0,0,
785,0,0.0,-1,0,0,,0,0,
786,0,0.0,-1,0,0,,0,0,
787,0,0.0,-1,0,0,,0,0,
788,0,0.0,-1,0,0,,0,0,
789,0,0.0,-1,0,0,,0,0,
790,0,0.0,-1,0,0,,0,0,
791,0,0.0,-1,0,0,,0,0,
792,1,115.57244960013168,13,0,0,,0,0,
793,1,115.57244960013168,13,1,1,118.32437392443104,0,0,
794,1,115.57244960013168,13,0,0,,0,0,
795,1,115.57244960013168,13,0,0,,0,0,
796,1,115.57244960013168,13,0,0,,0,0,
797,1,115.57244960013168,13,0,0,,0,0,
798,1,115.57244960013168,13,0,0,,0,0,
799,1,115.57244960013168,13,0,0,,0,0,
800,1,115.57244960013168,13,0,0,,0,0,
801,1,115.57244960013168,13,0,0,,0,0,
802,1,115.57244960013168,13,0,0,,0,0,
803,1,115.57244960013168,13,1,1,114.24975447802682,0,0,
804,1,115.57244960013168,13,1,1,117.07776585627713,0,0,
805,1,115.57244960013168,13,0,0,,0,0,
806,0,0.0,-1,0,0,,0,0,
807,0,0.0,-1,0,0,,0,0,
808,0,0.0,-1,0,0,,0,0,
809,0,0.0,-1,0,0,,0,0,
810,0,0.0,-1,0,0,,0,0,
811,0,0.0,-1,1,0,,0,0,
812,0,0.0,-1,1,0,,0,0,
813,1,14.364662315201084,14,0,0,,0,0,
814,1,14.364662315201084,14,1,0,,0,0,
815,1,14.364662315201084,14,0,0,,0,0,
816,1,14.364662315201084,14,1,0,,0,0,
817,1,14.364662315201084,14,1,0,,0,0,
818,0,0.0,-1,0,0,,0,0,
819,0,0.0,-1,0,0,,0,0,
820,0,0.0,-1,0,0,,0,0,
821,0,0.0,-1,0,0,,0,0,
822,0,0.0,-1,1,0,,0,0,
823,0,0.0,-1,0,0,,0,0,
824,0,0.0,-1,0,0,,0,0,
825,0,0.0,-1,1,0,,0,0,
826,0,0.0,-1,0,0,,0,0,
827,0,0.0,-1,0,0,,0,0,
828,0,0.0,-1,0,0,,0,0,
829,0,0.0,-1,0,0,,0,0,
830,0,0.0,-1,0,0,,0,0,
831,0,0.0,-1,0,0,,0,0,
832,0,0.0,-1,0,0,,0,0,
833,0,0.0,-1,0,0,,0,0,
834,0,0.0,-1,0,0,,0,0,
835,0,0.0,-1,0,0,,0,0,
836,0,0.0,-1,0,0,,0,0,
837,0,0.0,-1,0,0,,0,0,
838,0,0.0,-1,0,0,,0,0,
839,0,0.0,-1,0,0,,0,0,
840,0,0.0,-1,0,0,,0,0,
841,0,0.0,-1,0,0,,0,0,
842,0,0.0,-1,0,0,,0,0,
843,0,0.0,-1,0,0,,0,0,
844,0,0.0,-1,0,0,,0,0,
845,0,0.0,-1,0,0,,1,0,
846,0,0.0,-1,0,0,,1,0,
847,0,0.0,-1,0,0,,1,0,
848,0,0.0,-1,0,0,,1,0,
849,0,0.0,-1,0,0,,1,0,
850,0,0.0,-1,0,0,,1,0,
851,0,0.0,-1,0,0,,1,0,
852,0,0.0,-1,0,0,,1,0,
853,0,0.0,-1,0,0,,1,0,
854,0,0.0,-1,0,0,,1,0,
855,0,0.0,-1,1,0,,1,0,
856,0,0.0,-1,1,0,,1,0,
857,0,0.0,-1,0,0,,1,0,
858,0,0.0,-1,0,0,,1,0,
859,0,0.0,-1,0,0,,1,0,
860,0,0.0,-1,0,0,,1,0,
861,0,0.0,-1,0,0,,1,0,
862,0,0.0,-1,0,0,,1,0,
863,0,0.0,-1,0,0,,1,0,
864,0,0.0,-1,0,0,,1,0,
865,0,0.0,-1,0,0,,1,0,
866,0,0.0,-1,0,0,,1,0,
867,0,0.0,-1,0,0,,1,0,
868,0,0.0,-1,0,0,,1,0,
869,0,0.0,-1,0,0,,1,0,
870,0,0.0,-1,0,0,,1,0,
871,1,43.048317476666234,15,0,0,,1,1,49.16248165167665
872,0,0.0,-1,0,0,,1,0,
873,0,0.0,-1,1,0,,1,0,
874,0,0.0,-1,0,0,,1,0,
875,0,0.0,-1,0,0,,1,0,
876,0,0.0,-1,1,0,,1,0,
877,0,0.0,-1,0,0,,1,0,
878,0,0.0,-1,0,0,,1,0,
879,0,0.0,-1,0,0,,1,0,
880,1,11.80658111307688,16,0,0,,1,1,13.452074020136557
881,1,11.80658111307688,16,0,0,,1,1,12.630382044445724
882,1,11.80658111307688,16,0,0,,1,1,14.583484018174481
883,1,11.80658111307688,16,1,0,,1,1,12.076459669280933
884,1,11.80658111307688,16,0,0,,1,1,8.58840336905162
885,1,11.80658111307688,16,0,0,,1,1,10.517184912247913
886,1,11.80658111307688,16,0,0,,1,1,12.952548170614975
887,1,11.80658111307688,16,0,0,,1,1,10.350495480258783
888,1,11.80658111307688,16,0,0,,1,1,11.86357978135441
889,1,11.80658111307688,16,0,0,,1,1,15.04436797833297
890,1,11.80658111307688,16,0,0,,1,1,8.864801618295926
891,1,11.80658111307688,16,0,0,,1,1,8.997628845300921
892,1,11.80658111307688,16,1,0,,1,1,11.354513505458819
893,1,11.80658111307688,16,1,0,,1,1,11.364830519657382
894,1,11.80658111307688,16,0,0,,1,1,13.68403802409021
895,1,11.80658111307688,16,0,0,,0,0,
896,1,11.80658111307688,16,0,0,,0,0,
897,1,11.80658111307688,16,0,0,,0,0,
898,1,11.80658111307688,16,0,0,,0,0,
899,1,11.80658111307688,16,0,0,,0,0,
900,1,11.80658111307688,16,0,0,,0,0,
901,1,11.80658111307688,16,1,0,,0,0,
902,1,11.80658111307688,16,0,0,,0,0,
903,1,11.80658111307688,16,0,0,,0,0,
904,1,11.80658111307688,16,0,0,,0,0,
905,1,11.80658111307688,16,1,0,,0,0,
906,1,11.80658111307688,16,0,0,,0,0,
907,1,11.80658111307688,16,0,0,,0,0,
908,0,0.0,-1,0,0,,0,0,
909,0,0.0,-1,0,0,,1,0,
910,0,0.0,-1,0,0,,1,0,
911,0,0.0,-1,0,0,,1,0,
912,0,0.0,-1,0,0,,1,0,
913,0,0.0,-1,0,0,,1,0,
914,0,0.0,-1,0,0,,1,0,
915,0,0.0,-1,0,0,,1,0,
916,0,0.0,-1,0,0,,1,0,
917,0,0.0,-1,0,0,,1,0,
918,0,0.0,-1,0,0,,1,0,
919,0,0.0,-1,0,0,,1,0,
920,0,0.0,-1,1,0,,1,0,
921,0,0.0,-1,0,0,,1,0,
922,0,0.0,-1,0,0,,1,0,
923,0,0.0,-1,0,0,,1,0,
924,0,0.0,-1,0,0,,1,0,
925,0,0.0,-1,0,0,,1,0,
926,0,0.0,-1,0,0,,1,0,
927,0,0.0,-1,0,0,,1,0,
928,0,0.0,-1,0,0,,1,0,
929,0,0.0,-1,0,0,,1,0,
930,0,0.0,-1,0,0,,1,0,
931,0,0.0,-1,0,0,,1,0,
932,0,0.0,-1,0,0,,1,0,
933,0,0.0,-1,0,0,,1,0,
934,0,0.0,-1,1,0,,1,0,
935,0,0.0,-1,0,0,,1,0,
936,0,0.0,-1,0,0,,1,0,
937,0,0.0,-1,0,0,,1,0,
938,0,0.0,-1,0,0,,1,0,
939,0,0.0,-1,0,0,,1,0,
940,0,0.0,-1,0,0,,1,0,
941,0,0.0,-1,0,0,,1,0,
942,0,0.0,-1,0,0,,1,0,
943,0,0.0,-1,0,0,,1,0,
944,0,0.0,-1,0,0,,1,0,
945,0,0.0,-1,0,0,,1,0,
946,0,0.0,-1,0,0,,1,0,
947,0,0.0,-1,1,0,,1,0,
948,0,0.0,-1,0,0,,1,0,
949,0,0.0,-1,0,0,,1,0,
950,0,0.0,-1,1,0,,1,0,
951,0,0.0,-1,0,0,,1,0,
952,0,0.0,-1,0,0,,1,0,
953,0,0.0,-1,1,0,,1,0,
954,0,0.0,-1,0,0,,1,0,
955,0,0.0,-1,1,0,,1,0,
956,0,0.0,-1,0,0,,1,0,
957,0,0.0,-1,1,0,,1,0,
958,0,0.0,-1,1,0,,1,0,
959,0,0.0,-1,0,0,,0,0,
960,0,0.0,-1,0,0,,0,0,
961,0,0.0,-1,0,0,,0,0,
962,0,0.0,-1,0,0,,0,0,
963,0,0.0,-1,0,0,,0,0,
964,0,0.0,-1,0,0,,0,0,
965,0,0.0,-1,0,0,,0,0,
966,0,0.0,-1,0,0,,0,0,
967,0,0.0,-1,0,0,,0,0,
968,0,0.0,-1,0,0,,0,0,
969,0,0.0,-1,0,0,,0,0,
970,1,17.28197636831428,17,0,0,,0,0,
971,1,17.28197636831428,17,0,0,,0,0,
972,1,17.28197636831428,17,0,0,,0,0,
973,1,17.28197636831428,17,0,0,,0,0,
974,1,17.28197636831428,17,0,0,,1,1,20.761600120959187
975,1,17.28197636831428,17,0,0,,1,1,17.35074622490001
976,1,17.28197636831428,17,1,0,,1,1,11.954793699929759
977,1,17.28197636831428,17,0,0,,1,1,14.603339051300496
978,1,17.28197636831428,17,0,0,,1,1,19.415400645250553
979,1,17.28197636831428,17,0,0,,1,1,17.10937132091931
980,1,17.28197636831428,17,0,0,,1,1,14.45533982342704
981,1,17.28197636831428,17,0,0,,1,1,15.294655357687132
982,1,17.28197636831428,17,0,0,,1,1,20.66686591127358
983,1,17.28197636831428,17,0,0,,1,1,16.23399022587322
984,1,17.28197636831428,17,0,0,,1,1,24.17099653504646
985,1,17.28197636831428,17,0,0,,1,1,21.753784742180553
986,1,17.28197636831428,17,0,0,,1,1,12.032491114119527
987,1,17.28197636831428,17,0,0,,1,1,23.784249282885593
988,1,17.28197636831428,17,0,0,,1,1,10.375207274160303
989,1,17.28197636831428,17,0,0,,1,1,17.955211198688737
990,1,17.28197636831428,17,0,0,,1,1,17.20656071633636
991,1,17.28197636831428,17,0,0,,1,1,13.627154161347903
992,1,17.28197636831428,17,0,0,,1,1,16.380078859948377
993,1,17.28197636831428,17,0,0,,1,1,16.444920611059807
994,1,17.28197636831428,17,0,0,,1,1,13.736540207287387
995,1,17.28197636831428,17,0,0,,1,1,26.353924726804063
996,1,17.28197636831428,17,0,0,,1,1,15.090558521355891
997,1,17.28197636831428,17,1,0,,1,1,15.342373518698171
998,1,17.28197636831428,17,0,0,,1,1,14.289852722868618
999,1,17.28197636831428,17,0,0,,1,1,20.447124453292066
