sweep,sweep_val,optimizer_ftol,param,true,mean,bias,rel_bias_pct,variance,cv_pct,n_valid
resolution,7,1e-07,p_on,0.0125,0.0132154087748,0.000715408774831,5.72327019865,3.18185844459e-05,45.1263714976,500
resolution,7,1e-07,p_off,0.05,0.0564072613515,0.00640726135148,12.814522703,0.000981749679937,62.6657699207,500
resolution,7,1e-07,mu_emit,50,50.1768470933,0.176847093271,0.353694186543,110.52858919,21.0265155639,500
resolution,7,1e-07,mu,10,10.2558811315,0.255881131474,2.55881131474,20.1158693622,44.8507183467,500
resolution,9,1e-09,p_on,0.0125,0.0132154224003,0.000715422400282,5.72337920225,3.18186118471e-05,45.1263909283,500
resolution,9,1e-09,p_off,0.05,0.0564070691083,0.00640706910835,12.8141382167,0.000981738570529,62.665415359,500
resolution,9,1e-09,mu_emit,50,50.1768455635,0.176845563502,0.353691127004,110.528570528,21.0265137888,500
resolution,9,1e-09,mu,10,10.2559103837,0.255910383694,2.55910383694,20.1161932687,44.8510794393,500
resolution,11,1e-11,p_on,0.0125,0.0132152002146,0.000715200214602,5.72160171682,3.18207212949e-05,45.1278867539,500
resolution,11,1e-11,p_off,0.05,0.0564081601061,0.00640816010612,12.8163202122,0.000981757235519,62.6660110592,500
resolution,11,1e-11,mu_emit,50,50.1768497831,0.176849783073,0.353699566145,110.528600367,21.026516627,500
resolution,11,1e-11,mu,10,10.2556601395,0.25566013951,2.5566013951,20.1171847259,44.8521847026,500
resolution,13,1e-13,p_on,0.0125,0.0132152116482,0.000715211648206,5.72169318565,3.18208692917e-05,45.1279916977,500
resolution,13,1e-13,p_off,0.05,0.0564081333192,0.00640813331922,12.8162666384,0.000981744532418,62.6656056356,500
resolution,13,1e-13,mu_emit,50,50.1768507132,0.176850713211,0.353701426422,110.528566362,21.0265133925,500
resolution,13,1e-13,mu,10,10.2556670889,0.255667088878,2.55667088878,20.1172853374,44.8522968614,500
