mse_mc_se,pod_mse,pod_mse_se,perturb,eta,within_var,within_var_se,between_var,total_var,total_var_se,bias,pod_var,pod_var_se,mu_true,n_outer,n_inner
0.255893,29.784752,0.587516,k_c,0.000000,19.359125,0.252720,0.025815,19.384941,0.253902,0.075122,29.730411,0.585576,10.000000,25,500
0.270872,29.452989,0.431731,k_c,0.050000,19.214870,0.269574,0.021894,19.236764,0.269158,0.081264,29.419538,0.432038,10.000000,25,500
0.293593,28.841575,0.432488,k_c,0.100000,18.796873,0.295993,0.050509,18.847382,0.295969,-0.052425,28.787340,0.436894,10.000000,25,500
0.280708,31.232506,0.569146,k_c,0.150000,19.515966,0.271375,0.046057,19.562023,0.276424,0.095383,31.136181,0.566743,10.000000,25,500
0.288344,29.040456,0.515127,k_c,0.200000,19.491655,0.282139,0.055930,19.547585,0.285732,0.042114,28.967420,0.514201,10.000000,25,500
0.237122,30.174873,0.619142,k_c,0.300000,19.196240,0.236874,0.042520,19.238760,0.236181,0.029190,30.134043,0.617169,10.000000,25,500
0.260999,30.332159,0.457910,k_c,0.500000,19.316511,0.261129,0.027219,19.343730,0.259112,0.092763,30.268205,0.453701,10.000000,25,500
0.281396,29.587094,0.394898,k_c,0.600000,19.136672,0.277659,0.035685,19.172357,0.280652,0.046952,29.547903,0.392576,10.000000,25,500
0.226824,30.030084,0.622902,k_c,0.700000,19.315243,0.225123,0.050888,19.366132,0.226583,0.012174,29.951182,0.621954,10.000000,25,500
0.286244,30.465626,0.475703,k_c,0.800000,19.641488,0.283787,0.031065,19.672553,0.285655,0.045662,30.416156,0.471653,10.000000,25,500
0.292046,29.683236,0.555942,k_s,0.000000,19.429600,0.292858,0.036350,19.465950,0.291431,0.019812,29.625439,0.556815,10.000000,25,500
0.359233,29.229732,0.694476,k_s,0.050000,18.630634,0.358765,0.045056,18.675690,0.358857,0.008193,29.168793,0.691298,10.000000,25,500
0.238981,30.268083,0.638122,k_s,0.100000,19.532335,0.237603,0.027224,19.559559,0.238644,0.033454,30.223354,0.638678,10.000000,25,500
0.303157,30.518413,0.499625,k_s,0.150000,19.586151,0.300704,0.033080,19.619231,0.301344,0.062003,30.463957,0.492467,10.000000,25,500
0.277701,30.765495,0.434213,k_s,0.200000,19.673492,0.277599,0.020834,19.694325,0.276683,0.036134,30.719688,0.433235,10.000000,25,500
0.256799,29.552130,0.468741,k_s,0.300000,19.087159,0.257860,0.042439,19.129598,0.256770,-0.000015,29.508330,0.471531,10.000000,25,500
0.294370,30.869679,0.527247,k_s,0.500000,20.078345,0.282722,0.079731,20.158076,0.289623,0.092914,30.817914,0.525997,10.000000,25,500
0.302052,30.131588,0.642377,k_s,0.600000,19.752554,0.289278,0.061753,19.814307,0.291223,0.164061,30.082039,0.639464,10.000000,25,500
0.178050,29.211532,0.483445,k_s,0.700000,19.464268,0.169065,0.075645,19.539913,0.169834,0.177281,29.147436,0.486319,10.000000,25,500
0.254223,29.149095,0.497300,k_s,0.800000,19.531970,0.244997,0.062645,19.594615,0.252015,0.220766,29.092887,0.505588,10.000000,25,500
0.329512,29.655290,0.773402,sigma_c,0.000000,18.977872,0.334756,0.051175,19.029047,0.328347,0.017741,29.592600,0.773546,10.000000,25,500
0.277183,30.504326,0.713882,sigma_c,0.050000,19.224004,0.277312,0.047387,19.271392,0.276913,0.018558,30.444053,0.712872,10.000000,25,500
0.323003,30.562144,0.491291,sigma_c,0.100000,19.593053,0.322248,0.025727,19.618780,0.321105,0.099772,30.525621,0.487557,10.000000,25,500
0.230795,30.603367,0.598089,sigma_c,0.150000,19.373260,0.232664,0.025789,19.399048,0.230582,-0.029060,30.553484,0.600255,10.000000,25,500
0.287733,30.040265,0.670880,sigma_c,0.200000,19.480273,0.288644,0.022640,19.502913,0.287670,0.000999,29.995771,0.669658,10.000000,25,500
0.310321,29.483157,0.560864,sigma_c,0.300000,19.393860,0.314213,0.039453,19.433313,0.310192,-0.001650,29.408485,0.569645,10.000000,25,500
0.298762,29.184893,0.544130,sigma_c,0.500000,19.414131,0.299181,0.047707,19.461837,0.301571,-0.042068,29.114161,0.553331,10.000000,25,500
0.297550,30.459622,0.597922,sigma_c,0.600000,19.089124,0.298894,0.043459,19.132583,0.297388,0.003690,30.410409,0.599058,10.000000,25,500
0.347084,30.123534,0.459044,sigma_c,0.700000,19.443361,0.344468,0.056543,19.499904,0.345878,0.051341,30.055156,0.457965,10.000000,25,500
0.227739,30.678732,0.696300,sigma_c,0.800000,19.635722,0.225817,0.040202,19.675924,0.227230,0.013213,30.615197,0.694182,10.000000,25,500
0.270689,29.790023,0.508937,sigma_s,0.000000,19.018602,0.270784,0.044769,19.063371,0.269791,0.023478,29.682703,0.512730,10.000000,25,500
0.268561,29.835950,0.489557,sigma_s,0.050000,19.760317,0.265520,0.029967,19.790284,0.266671,0.076340,29.766203,0.490763,10.000000,25,500
0.295582,30.330712,0.542871,sigma_s,0.100000,19.784844,0.295414,0.045681,19.830525,0.293878,0.054080,30.270628,0.546429,10.000000,25,500
0.313391,29.442096,0.609411,sigma_s,0.150000,19.221395,0.307373,0.050614,19.272008,0.311705,0.029980,29.368380,0.608096,10.000000,25,500
0.345645,30.111618,0.539531,sigma_s,0.200000,19.446516,0.345251,0.073819,19.520334,0.344230,0.023645,30.036353,0.541589,10.000000,25,500
0.322453,29.596097,0.475623,sigma_s,0.300000,19.923976,0.322635,0.025731,19.949707,0.322262,0.010357,29.556907,0.479901,10.000000,25,500
0.371326,29.762024,0.710706,sigma_s,0.500000,19.673717,0.365861,0.047345,19.721063,0.370137,0.033813,29.689646,0.709898,10.000000,25,500
0.280700,30.154407,0.391301,sigma_s,0.600000,19.402546,0.276874,0.045023,19.447569,0.277871,0.074140,30.115336,0.386439,10.000000,25,500
0.405713,28.995896,0.424982,sigma_s,0.700000,19.684254,0.399482,0.051137,19.735391,0.401223,0.081804,28.917745,0.425888,10.000000,25,500
0.385344,29.479779,0.410104,sigma_s,0.800000,19.632347,0.377158,0.055176,19.687522,0.380674,0.082747,29.426063,0.404872,10.000000,25,500
0.291325,29.023671,0.455800,theta_c,0.000000,19.159701,0.292501,0.041457,19.201158,0.289849,0.045418,28.966432,0.453257,10.000000,25,500
0.230048,30.373090,0.529404,theta_c,0.050000,19.235461,0.226813,0.045551,19.281012,0.226840,0.110047,30.314837,0.526620,10.000000,25,500
0.256253,30.902799,0.446175,theta_c,0.100000,19.858147,0.250559,0.038822,19.896969,0.253118,0.088083,30.851459,0.447736,10.000000,25,500
0.287919,29.816910,0.517738,theta_c,0.150000,19.744997,0.287833,0.015445,19.760442,0.288582,0.092689,29.781402,0.515243,10.000000,25,500
0.230181,30.539215,0.528976,theta_c,0.200000,19.555550,0.230275,0.014644,19.570193,0.229637,0.035138,30.505231,0.526853,10.000000,25,500
0.324823,29.680293,0.583524,theta_c,0.300000,19.162541,0.323713,0.029840,19.192380,0.324437,0.019022,29.620489,0.589126,10.000000,25,500
0.245307,29.231212,0.632492,theta_c,0.500000,19.060677,0.247909,0.016905,19.077582,0.246756,-0.064247,29.163301,0.636126,10.000000,25,500
0.307685,29.877599,0.560595,theta_c,0.600000,19.362891,0.306090,0.031925,19.394816,0.308437,-0.031800,29.814136,0.557511,10.000000,25,500
0.225090,29.424562,0.597513,theta_c,0.700000,19.378310,0.225032,0.024691,19.403002,0.224372,0.020951,29.370623,0.597902,10.000000,25,500
0.302940,30.230870,0.523870,theta_c,0.800000,19.254047,0.298850,0.031406,19.285453,0.300765,0.089070,30.174320,0.513658,10.000000,25,500
0.269089,29.932714,0.551874,theta_s,0.000000,19.298829,0.267656,0.037173,19.336001,0.266824,0.055093,29.856676,0.552664,10.000000,25,500
0.313505,31.328599,0.674388,theta_s,0.050000,19.410171,0.299584,0.096333,19.506504,0.312044,0.028528,31.237475,0.660228,10.000000,25,500
0.307755,30.900721,0.644739,theta_s,0.100000,19.339477,0.305371,0.111720,19.451197,0.304271,0.060123,30.851414,0.642233,10.000000,25,500
0.452866,30.894671,0.538776,theta_s,0.150000,19.371702,0.412397,0.279779,19.651481,0.437225,0.105849,30.834746,0.539243,10.000000,25,500
0.424058,29.588514,0.584155,theta_s,0.200000,19.436996,0.397278,0.326130,19.763126,0.414756,0.096813,29.545304,0.583952,10.000000,25,500
0.746439,29.854997,0.552124,theta_s,0.300000,19.492636,0.555443,0.834245,20.326881,0.754397,0.003691,29.793644,0.553433,10.000000,25,500
1.730751,30.216019,0.454310,theta_s,0.500000,20.259655,0.991687,2.630341,22.889996,1.641215,0.206716,30.154608,0.448226,10.000000,25,500
1.828586,30.478744,0.516601,theta_s,0.600000,20.411343,1.010009,2.375462,22.786805,1.756278,0.180255,30.438857,0.518581,10.000000,25,500
3.420064,29.841011,0.492968,theta_s,0.700000,21.992758,1.627241,4.961262,26.954019,2.889702,0.711535,29.793262,0.492141,10.000000,25,500
3.895254,29.703752,0.620909,theta_s,0.800000,23.397123,1.595024,4.784468,28.181591,2.954921,1.249824,29.657934,0.618385,10.000000,25,500
