perturb,eta,within_var,within_var_se,between_var,total_var,total_var_se,bias,pod_var,pod_var_se,mu_true,n_outer,n_inner
all,0.000000,18.080482,0.255702,0.039786,18.120268,0.256719,-0.012323,29.856676,0.552664,10.000000,25,500
all,0.050000,18.227670,0.321356,0.104321,18.331991,0.336740,-0.026756,31.237475,0.660228,10.000000,25,500
all,0.100000,18.018638,0.267519,0.113826,18.132464,0.272282,-0.000990,30.851414,0.642233,10.000000,25,500
all,0.150000,18.330465,0.427536,0.305059,18.635524,0.459942,0.060491,30.834746,0.539243,10.000000,25,500
all,0.200000,18.106047,0.366912,0.401365,18.507413,0.412150,0.038196,29.545304,0.583952,10.000000,25,500
all,0.300000,18.462544,0.611000,0.955742,19.418285,0.894241,-0.050080,29.793644,0.553433,10.000000,25,500
all,0.500000,19.453618,0.984288,2.701639,22.155258,1.614973,0.188914,30.154608,0.448226,10.000000,25,500
all,0.600000,20.236426,1.236443,3.096704,23.333130,2.394550,0.270566,30.438857,0.518581,10.000000,25,500
all,0.700000,21.428385,1.644486,4.719329,26.147714,2.770122,0.795112,29.793262,0.492141,10.000000,25,500
all,0.800000,22.977042,1.409158,4.592769,27.569811,2.529139,1.296279,29.657934,0.618385,10.000000,25,500
