T,p_snap,label,method,variance,variance_se,mean_estimate,bias,bias_se,mu_true,mean_n_det,mean_n_snap_obs,valid_outer_frac,n_outer,n_inner
1000,0.001400,Monthly,naive,41.344870,0.829207,9.965512,-0.034488,0.059156,10.000000,66.327760,1.411520,1.000000,25,500
1000,0.001400,Monthly,pod,41.422052,0.833667,9.989679,-0.010321,0.059037,10.000000,66.327760,1.411520,1.000000,25,500
1000,0.001400,Monthly,mle_simple,34.859293,0.705045,10.249207,0.249207,0.052023,10.000000,66.327760,1.411520,1.000000,25,500
1000,0.001400,Monthly,mle,32.293439,0.564772,10.309612,0.309612,0.050255,10.000000,66.327760,1.411520,1.000000,25,500
1000,0.003000,Bi-weekly,naive,40.973787,0.720455,9.929165,-0.070835,0.062277,10.000000,66.278640,2.984000,1.000000,25,500
1000,0.003000,Bi-weekly,pod,41.115735,0.719815,9.975052,-0.024948,0.062413,10.000000,66.278640,2.984000,1.000000,25,500
1000,0.003000,Bi-weekly,mle_simple,34.096074,0.562011,10.240853,0.240853,0.052708,10.000000,66.278640,2.984000,1.000000,25,500
1000,0.003000,Bi-weekly,mle,31.266282,0.479112,10.308658,0.308658,0.048966,10.000000,66.278640,2.984000,1.000000,25,500
1000,0.007000,Weekly,naive,40.387846,0.856024,9.886502,-0.113498,0.058314,10.000000,66.574080,7.028320,1.000000,25,500
1000,0.007000,Weekly,pod,40.652706,0.863002,9.989063,-0.010937,0.058992,10.000000,66.574080,7.028320,1.000000,25,500
1000,0.007000,Weekly,mle_simple,32.436515,0.791222,10.226286,0.226286,0.060024,10.000000,66.574080,7.028320,1.000000,25,500
1000,0.007000,Weekly,mle,29.639995,0.574159,10.291296,0.291296,0.053024,10.000000,66.574080,7.028320,1.000000,25,500
1000,0.015000,,naive,41.806276,0.861692,9.882450,-0.117550,0.053881,10.000000,67.142720,15.010000,1.000000,25,500
1000,0.015000,,pod,42.528636,0.883244,10.095423,0.095423,0.054555,10.000000,67.142720,15.010000,1.000000,25,500
1000,0.015000,,mle_simple,31.221742,0.702480,10.268103,0.268103,0.054013,10.000000,67.142720,15.010000,1.000000,25,500
1000,0.015000,,mle,27.798533,0.398966,10.331712,0.331712,0.050899,10.000000,67.142720,15.010000,1.000000,25,500
1000,0.030000,,naive,36.694578,0.619459,9.616351,-0.383649,0.049202,10.000000,68.532800,29.944480,1.000000,25,500
1000,0.030000,,pod,37.865159,0.642480,10.011588,0.011588,0.050260,10.000000,68.532800,29.944480,1.000000,25,500
1000,0.030000,,mle_simple,25.939190,0.417895,10.078468,0.078468,0.044069,10.000000,68.532800,29.944480,1.000000,25,500
1000,0.030000,,mle,23.666095,0.302020,10.165230,0.165230,0.042991,10.000000,68.532800,29.944480,1.000000,25,500
1000,0.060000,,naive,32.433456,0.642344,9.217369,-0.782631,0.059884,10.000000,71.292320,59.984400,1.000000,25,500
1000,0.060000,,pod,34.427475,0.682855,9.950316,-0.049684,0.061353,10.000000,71.292320,59.984400,1.000000,25,500
1000,0.060000,,mle_simple,22.026284,0.382357,9.986205,-0.013795,0.045427,10.000000,71.292320,59.984400,1.000000,25,500
1000,0.060000,,mle,20.169231,0.267831,10.086165,0.086165,0.044060,10.000000,71.292320,59.984400,1.000000,25,500
1000,0.125000,Baseline,naive,26.487679,0.584703,8.747201,-1.252799,0.050908,10.000000,77.312480,124.788160,1.000000,25,500
1000,0.125000,Baseline,pod,29.821012,0.637793,10.036709,0.036709,0.056531,10.000000,77.312480,124.788160,1.000000,25,500
1000,0.125000,Baseline,mle_simple,19.280548,0.318033,9.939894,-0.060106,0.045316,10.000000,77.312480,124.788160,1.000000,25,500
1000,0.125000,Baseline,mle,18.243888,0.238467,10.004318,0.004318,0.041288,10.000000,77.312480,124.788160,1.000000,25,500
1000,0.250000,,naive,20.062481,0.334937,8.045421,-1.954579,0.047646,10.000000,88.813120,249.905040,1.000000,25,500
1000,0.250000,,pod,24.554623,0.372525,10.024685,0.024685,0.052578,10.000000,88.813120,249.905040,1.000000,25,500
1000,0.250000,,mle_simple,16.869538,0.257106,9.808769,-0.191231,0.047464,10.000000,88.813120,249.905040,1.000000,25,500
1000,0.250000,,mle,15.849023,0.187521,9.845870,-0.154130,0.044679,10.000000,88.813120,249.905040,1.000000,25,500
1000,0.500000,Sub-hourly,naive,15.980864,0.383759,7.288882,-2.711118,0.031705,10.000000,110.662480,499.954480,1.000000,25,500
1000,0.500000,Sub-hourly,pod,22.173730,0.456621,10.033510,0.033510,0.035039,10.000000,110.662480,499.954480,1.000000,25,500
1000,0.500000,Sub-hourly,mle_simple,16.946093,0.359235,9.728961,-0.271039,0.030256,10.000000,110.662480,499.954480,1.000000,25,500
1000,0.500000,Sub-hourly,mle,15.639591,0.284072,9.721134,-0.278866,0.024478,10.000000,110.662480,499.954480,1.000000,25,500
