sweep,sweep_val,method,variance,variance_se,mean_estimate,bias,bias_se,mu_true,n_outer,n_inner,ms_p_on_mean,ms_p_on_bias,ms_p_on_bias_se,ms_p_on_true,ms_p_on_var,ms_p_on_var_se,ms_p_off_mean,ms_p_off_bias,ms_p_off_bias_se,ms_p_off_true,ms_p_off_var,ms_p_off_var_se,ms_mu_emit_mean,ms_mu_emit_bias,ms_mu_emit_bias_se,ms_mu_emit_true,ms_mu_emit_var,ms_mu_emit_var_se,mle_p_on_mean,mle_p_on_bias,mle_p_on_bias_se,mle_p_on_true,mle_p_on_var,mle_p_on_var_se,mle_p_off_mean,mle_p_off_bias,mle_p_off_bias_se,mle_p_off_true,mle_p_off_var,mle_p_off_var_se,mle_mu_emit_mean,mle_mu_emit_bias,mle_mu_emit_bias_se,mle_mu_emit_true,mle_mu_emit_var,mle_mu_emit_var_se
T_cont,0,naive,12.167863,0.240948,5.540021,-4.459979,0.030877,10.000000,25,500,,,,,,,,,,,,,,,,,,,,,,,,,,,,,,,,,,,,
T_cont,0,pod,25.569820,0.378514,10.060201,0.060201,0.051392,10.000000,25,500,,,,,,,,,,,,,,,,,,,,,,,,,,,,,,,,,,,,
T_cont,0,mle_simple,19.309194,0.262721,9.861005,-0.138995,0.047951,10.000000,25,500,0.013879,0.001379,0.000069,0.012500,0.000056,0.000001,0.062421,0.012421,0.000389,0.050000,0.001158,0.000010,51.419483,1.419483,0.085812,50.000000,215.900537,4.282779,,,,,,,,,,,,,,,,,,
T_cont,0,mle,18.854598,0.281413,9.848448,-0.151552,0.045592,10.000000,25,500,,,,,,,,,,,,,,,,,,,0.013915,0.001415,0.000067,0.012500,0.000055,0.000001,0.062999,0.012999,0.000360,0.050000,0.001157,0.000009,51.391488,1.391488,0.095842,50.000000,173.274188,3.317130
T_cont,25,naive,24.830181,0.578330,8.139232,-1.860768,0.051627,10.000000,25,500,,,,,,,,,,,,,,,,,,,,,,,,,,,,,,,,,,,,
T_cont,25,pod,29.496186,0.632157,9.932425,-0.067575,0.055849,10.000000,25,500,,,,,,,,,,,,,,,,,,,,,,,,,,,,,,,,,,,,
T_cont,25,mle_simple,19.040244,0.298244,9.854464,-0.145536,0.041638,10.000000,25,500,0.013053,0.000553,0.000054,0.012500,0.000032,0.000000,0.057220,0.007220,0.000306,0.050000,0.000727,0.000010,50.153137,0.153137,0.100590,50.000000,195.157119,2.224412,,,,,,,,,,,,,,,,,,
T_cont,25,mle,18.196229,0.293473,9.897144,-0.102856,0.038105,10.000000,25,500,,,,,,,,,,,,,,,,,,,0.013022,0.000522,0.000055,0.012500,0.000032,0.000000,0.057737,0.007737,0.000309,0.050000,0.000722,0.000009,50.486731,0.486731,0.070385,50.000000,128.009797,2.454032
T_cont,50,naive,26.628980,0.512932,8.721096,-1.278904,0.047962,10.000000,25,500,,,,,,,,,,,,,,,,,,,,,,,,,,,,,,,,,,,,
T_cont,50,pod,29.941582,0.559843,10.012507,0.012507,0.051384,10.000000,25,500,,,,,,,,,,,,,,,,,,,,,,,,,,,,,,,,,,,,
T_cont,50,mle_simple,19.985100,0.368831,9.933264,-0.066736,0.043208,10.000000,25,500,0.012833,0.000333,0.000042,0.012500,0.000026,0.000000,0.055880,0.005880,0.000244,0.050000,0.000613,0.000011,50.109092,0.109092,0.162005,50.000000,197.296336,5.817736,,,,,,,,,,,,,,,,,,
T_cont,50,mle,18.736460,0.314453,9.984140,-0.015860,0.039476,10.000000,25,500,,,,,,,,,,,,,,,,,,,0.012811,0.000311,0.000043,0.012500,0.000026,0.000000,0.056341,0.006341,0.000250,0.050000,0.000610,0.000010,50.418742,0.418742,0.122715,50.000000,118.636620,2.315720
T_cont,75,naive,26.779339,0.711323,8.991796,-1.008204,0.037661,10.000000,25,500,,,,,,,,,,,,,,,,,,,,,,,,,,,,,,,,,,,,
T_cont,75,pod,29.543291,0.753367,10.070236,0.070236,0.039519,10.000000,25,500,,,,,,,,,,,,,,,,,,,,,,,,,,,,,,,,,,,,
T_cont,75,mle_simple,19.773603,0.453640,9.996699,-0.003301,0.037834,10.000000,25,500,0.012856,0.000356,0.000042,0.012500,0.000024,0.000000,0.055110,0.005110,0.000166,0.050000,0.000540,0.000007,50.008457,0.008457,0.099249,50.000000,186.230011,3.630604,,,,,,,,,,,,,,,,,,
T_cont,75,mle,18.251496,0.273185,10.078919,0.078919,0.035697,10.000000,25,500,,,,,,,,,,,,,,,,,,,0.012840,0.000340,0.000041,0.012500,0.000024,0.000000,0.055552,0.005552,0.000165,0.050000,0.000535,0.000007,50.515139,0.515139,0.082768,50.000000,114.309181,1.467652
T_cont,100,naive,24.673191,0.452810,9.002058,-0.997942,0.052108,10.000000,25,500,,,,,,,,,,,,,,,,,,,,,,,,,,,,,,,,,,,,
T_cont,100,pod,27.080017,0.461410,9.945715,-0.054285,0.055028,10.000000,25,500,,,,,,,,,,,,,,,,,,,,,,,,,,,,,,,,,,,,
T_cont,100,mle_simple,18.976206,0.288331,9.875131,-0.124869,0.047985,10.000000,25,500,0.012715,0.000215,0.000053,0.012500,0.000023,0.000000,0.055334,0.005334,0.000213,0.050000,0.000518,0.000008,50.086245,0.086245,0.117850,50.000000,185.394621,3.455748,,,,,,,,,,,,,,,,,,
T_cont,100,mle,17.836565,0.246269,9.947444,-0.052556,0.044464,10.000000,25,500,,,,,,,,,,,,,,,,,,,0.012681,0.000181,0.000050,0.012500,0.000023,0.000000,0.055722,0.005722,0.000225,0.050000,0.000517,0.000009,50.543386,0.543386,0.096124,50.000000,113.269464,2.083087
T_cont,125,naive,23.355724,0.323875,9.079783,-0.920217,0.046990,10.000000,25,500,,,,,,,,,,,,,,,,,,,,,,,,,,,,,,,,,,,,
T_cont,125,pod,25.519860,0.349271,9.956226,-0.043774,0.050199,10.000000,25,500,,,,,,,,,,,,,,,,,,,,,,,,,,,,,,,,,,,,
T_cont,125,mle_simple,18.976555,0.268155,9.944194,-0.055806,0.040978,10.000000,25,500,0.012772,0.000272,0.000039,0.012500,0.000022,0.000000,0.054793,0.004793,0.000230,0.050000,0.000482,0.000008,49.865734,-0.134266,0.119294,50.000000,176.903914,3.882879,,,,,,,,,,,,,,,,,,
T_cont,125,mle,17.553496,0.218990,10.031645,0.031645,0.043914,10.000000,25,500,,,,,,,,,,,,,,,,,,,0.012746,0.000246,0.000038,0.012500,0.000021,0.000000,0.055148,0.005148,0.000225,0.050000,0.000481,0.000008,50.345425,0.345425,0.094402,50.000000,105.757375,2.010613
T_cont,150,naive,22.807556,0.357021,9.191231,-0.808769,0.047180,10.000000,25,500,,,,,,,,,,,,,,,,,,,,,,,,,,,,,,,,,,,,
T_cont,150,pod,24.846752,0.385762,10.017652,0.017652,0.049660,10.000000,25,500,,,,,,,,,,,,,,,,,,,,,,,,,,,,,,,,,,,,
T_cont,150,mle_simple,18.711163,0.257541,10.021413,0.021413,0.045119,10.000000,25,500,0.012792,0.000292,0.000052,0.012500,0.000021,0.000000,0.054546,0.004546,0.000173,0.050000,0.000458,0.000007,50.071749,0.071749,0.133569,50.000000,176.322405,5.135607,,,,,,,,,,,,,,,,,,
T_cont,150,mle,17.363889,0.174936,10.101790,0.101790,0.039655,10.000000,25,500,,,,,,,,,,,,,,,,,,,0.012772,0.000272,0.000051,0.012500,0.000021,0.000000,0.054834,0.004834,0.000168,0.050000,0.000455,0.000007,50.504416,0.504416,0.076126,50.000000,107.667863,1.593808
T_cont,175,naive,22.123176,0.346622,9.253760,-0.746240,0.054711,10.000000,25,500,,,,,,,,,,,,,,,,,,,,,,,,,,,,,,,,,,,,
T_cont,175,pod,24.042404,0.358416,10.036847,0.036847,0.055664,10.000000,25,500,,,,,,,,,,,,,,,,,,,,,,,,,,,,,,,,,,,,
T_cont,175,mle_simple,18.633822,0.248910,10.018700,0.018700,0.048823,10.000000,25,500,0.012701,0.000201,0.000042,0.012500,0.000020,0.000000,0.054235,0.004235,0.000179,0.050000,0.000434,0.000008,50.135550,0.135550,0.122970,50.000000,170.617585,3.179609,,,,,,,,,,,,,,,,,,
T_cont,175,mle,17.252886,0.220486,10.103989,0.103989,0.048316,10.000000,25,500,,,,,,,,,,,,,,,,,,,0.012685,0.000185,0.000042,0.012500,0.000020,0.000000,0.054517,0.004517,0.000195,0.050000,0.000433,0.000008,50.557223,0.557223,0.102758,50.000000,102.783033,2.069996
T_cont,200,naive,21.952725,0.338440,9.304133,-0.695867,0.042048,10.000000,25,500,,,,,,,,,,,,,,,,,,,,,,,,,,,,,,,,,,,,
T_cont,200,pod,23.885130,0.347467,10.057469,0.057469,0.042093,10.000000,25,500,,,,,,,,,,,,,,,,,,,,,,,,,,,,,,,,,,,,
T_cont,200,mle_simple,19.003441,0.346715,10.047794,0.047794,0.033862,10.000000,25,500,0.012830,0.000330,0.000037,0.012500,0.000021,0.000000,0.054623,0.004623,0.000206,0.050000,0.000440,0.000008,50.141664,0.141664,0.115084,50.000000,165.080390,3.166454,,,,,,,,,,,,,,,,,,
T_cont,200,mle,17.795830,0.297223,10.136536,0.136536,0.031412,10.000000,25,500,,,,,,,,,,,,,,,,,,,0.012819,0.000319,0.000038,0.012500,0.000021,0.000000,0.054821,0.004821,0.000202,0.050000,0.000439,0.000007,50.518449,0.518449,0.093139,50.000000,102.258142,1.396846
